225.7,-24.3,-6.9,-179.29,-0.4,-0.87
208.9,-46.5,-10.0,-178.91,-2.37,-0.35
232.4,-20.2,-5.8,-179.29,-1.92,0.43
212.5,24.0,-9.1,-178.96,-1.75,0.6
219.6,-33.9,-7.5,-179.32,-2.74,-0.71
249.6,-23.0,-5.7,-179.47,-1.69,0.52
196.4,13.9,-8.1,-179.35,-0.87,0.52
249.4,-21.2,-6.9,-179.67,-2.79,-0.45
254.3,25.5,-5.4,-179.39,-2.2,0.33
250.8,13.5,-7.6,-178.86,-2.77,-1.16
195.7,15.4,-9.2,-179.45,-0.81,-0.26
226.6,-7.9,-9.5,-179.02,-2.38,-0.27
223.6,-32.6,-7.9,-179.4,-1.96,0.96
244.9,-3.9,-5.8,-178.91,-2.27,0.51
241.3,21.8,-8.8,-178.67,-1.96,1.22
252.0,-21.1,-7.8,-179.2,-2.89,-0.71
248.1,-2.1,-6.9,-178.97,-2.92,1.47
191.1,-1.4,-9.9,-179.85,-0.97,0.34
237.2,-5.5,-5.9,-179.81,-0.67,-1.05
254.6,12.2,-4.8,-179.3,-1.99,0.34
247.3,8.8,-5.5,-179.58,-2.53,-0.1
243.6,0.9,-9.7,-179.4,-1.74,-0.88
242.3,-38.3,-9.1,-179.62,-2.34,-0.97
247.0,12.2,-7.8,-179.09,-2.75,1.21
206.9,-48.6,-9.2,-179.5,-1.72,-0.7
253.3,24.8,-8.7,-178.77,-2.46,0.86
209.6,-2.4,-8.3,-179.25,-1.41,-1.49
192.0,-22.8,-10.5,-179.42,-1.76,-0.44
196.8,16.3,-10.8,-178.84,-2.85,1.46
215.2,17.5,-8.2,-179.09,-2.0,-0.27
223.6,-54.1,-6.6,-179.75,-2.45,-1.32
197.2,15.3,-7.1,-179.53,-0.94,1.57
196.2,-33.1,-9.1,-179.81,-0.59,-0.7
240.6,-2.7,-5.9,-179.43,-1.58,0.87
208.0,-26.2,-9.6,-179.33,-2.37,-1.06
197.9,-9.5,-8.8,-179.4,-1.2,0.69
219.0,-3.0,-9.7,-179.26,-2.25,0.07
192.5,-23.6,-10.1,-179.69,-1.01,-0.17
245.7,-2.0,-4.8,-179.59,-0.53,0.52
250.3,-31.9,-8.3,-179.32,-2.12,-1.23
202.2,-28.7,-9.6,-179.06,-4.12,0.76
248.6,-28.0,-7.9,-179.26,-2.37,-0.97
223.2,-1.0,-8.3,-178.6,-2.14,-0.88
247.0,-1.2,-5.2,-179.12,-1.95,-0.18
223.4,19.1,-8.0,-178.88,-2.21,0.68
223.6,-38.1,-10.8,-179.99,-1.59,-0.09
185.6,-18.2,-11.0,-179.48,-0.59,-0.26
243.5,-45.0,-8.3,-179.57,-1.9,-0.44
204.8,-20.0,-3.7,-179.38,-2.2,1.13
222.3,-23.5,-6.8,-179.58,-0.72,-0.79
237.3,-36.2,-8.8,-179.47,-2.5,-1.23
219.6,-18.2,-7.7,-179.47,-2.76,3.06
196.1,-23.3,-13.5,-179.17,-1.19,2.1
230.6,-9.3,-7.2,-179.93,-2.32,1.13
212.2,14.8,-10.5,-179.22,-2.15,-0.54
254.4,-12.0,-8.3,-179.51,-2.23,-0.53
192.8,7.0,-9.3,-179.83,-0.4,-0.35
206.3,-41.5,-9.9,-179.82,-1.48,-0.61
241.5,-45.1,-8.4,-179.61,-1.46,-0.26
238.9,-31.5,-6.3,-179.6,-3.58,1.39
240.0,19.2,-9.4,-179.13,-2.58,-0.46
221.0,24.6,-7.5,-178.73,-2.03,-0.54
212.1,23.9,-12.4,-178.45,-0.65,-0.52
210.5,-29.1,-8.0,-179.3,-2.1,-1.94
203.4,-30.7,-13.0,-179.25,-1.11,-1.23
203.5,-4.1,-8.5,-179.7,-2.29,0.95
196.4,8.5,-10.8,-179.24,-1.78,0.78
194.8,1.5,-11.9,179.96,-1.69,-0.62
240.7,-6.9,-5.8,179.32,-1.18,-1.4
238.8,11.3,-9.5,-179.92,-2.0,0.86
246.9,14.3,-7.1,-179.56,-3.0,0.06
193.4,-27.3,-10.5,-179.5,-0.7,-0.35
191.3,16.0,-9.8,-179.16,-1.37,2.19
238.4,-15.1,-5.8,-179.47,-1.23,0.17
194.3,-16.8,-11.1,-179.34,-2.1,1.22
192.5,-34.8,-4.8,-179.4,-2.66,-0.27
187.5,-35.5,-6.6,-179.7,-0.75,-0.26
195.4,-21.1,-11.6,-179.39,-1.66,1.04
185.8,-32.5,-13.7,-179.79,-0.14,-0.52
248.0,13.7,-5.5,179.74,-0.35,1.05
224.9,20.2,-8.6,-179.54,-2.17,0.68
226.1,-34.4,-7.9,-179.87,-2.64,-0.97
241.8,-7.7,-7.7,-179.36,-3.01,-0.1
228.5,-41.6,-9.3,179.81,-2.85,-1.32
198.6,16.8,-5.7,-179.59,-1.83,0.16
224.9,15.1,-7.0,-179.18,-1.38,-0.79
219.1,-29.7,-5.6,-179.36,-2.39,0.16
188.5,-22.7,-9.9,-179.63,-0.46,1.05
204.0,-34.8,-7.5,-179.62,-0.74,-0.35
239.8,25.3,-6.6,-178.94,-1.57,0.69
246.1,-47.2,-6.3,-179.31,-2.33,-0.26
241.2,13.6,-10.8,-178.59,-1.58,1.13
214.1,18.8,-6.9,-179.4,-2.22,0.68
218.1,13.5,-7.6,-179.74,-1.4,-0.44
225.8,16.5,-6.2,-179.63,-1.45,-0.44
195.5,-29.8,-9.4,-179.9,-0.96,-0.52
219.3,-32.0,-8.2,-179.54,-1.88,-0.09
215.1,-15.0,-7.8,-179.67,-1.54,1.4
190.3,-47.8,-9.2,-179.89,-1.13,-0.52
199.3,8.4,-9.1,-179.33,-1.24,-0.09
216.4,-32.7,-7.6,-179.48,-1.61,-0.53
231.2,14.9,-9.6,-179.28,-1.23,0.08
190.7,-39.5,-10.0,-179.63,-0.74,-0.61
233.3,-5.0,-8.3,-178.83,-2.42,-0.01
218.8,-35.7,-6.7,-179.46,-2.31,-1.41
224.4,23.2,-6.9,-178.28,-2.25,1.03
217.9,-21.6,-8.2,-179.25,-2.0,0.25
217.1,-23.8,-7.1,-179.51,-1.06,-1.05
189.0,23.8,24.8,-179.99,0.66,3.42
247.0,-0.5,-9.0,179.73,-1.43,0.17
237.5,0.9,30.4,-178.94,-1.26,0.87
244.4,29.0,-7.4,-178.99,-1.4,0.96
220.7,-17.8,-8.5,-179.21,-2.34,-0.44
218.7,-43.9,-6.4,-179.74,-1.03,0.96
218.3,-44.1,-10.0,-179.1,-1.43,0.79
242.6,-42.0,-5.4,179.65,-2.14,0.26
214.7,25.7,27.7,179.65,-0.53,0.79
226.5,-11.0,-9.4,-179.16,-1.78,-1.41
229.7,-24.7,-8.7,-179.71,-3.52,-0.54
199.0,-29.8,-10.4,177.63,10.37,-0.61
197.9,17.2,-11.8,-178.41,-0.56,-0.08
202.2,-44.5,-9.5,-179.16,-2.19,-2.46
237.9,17.7,-6.2,-179.31,-0.87,0.0
244.8,-8.1,-10.1,-179.55,-1.88,-0.27
202.5,-0.1,-9.7,-179.48,-1.58,0.08
229.6,-8.6,-10.0,-179.14,-2.32,-0.27
208.9,-3.3,-8.5,-179.27,-2.08,2.18
198.2,-49.3,-7.3,-179.56,-1.9,-0.96
248.6,-45.7,27.9,-179.73,-0.06,0.08
211.9,-48.2,-9.5,-179.46,-2.87,0.43
243.8,-53.5,-6.2,-179.61,-2.17,-0.79
203.7,-49.2,-12.7,-179.68,-1.03,0.87
190.9,19.8,29.0,-179.29,-1.8,1.39
218.9,-3.8,-8.5,-179.48,-1.77,-0.27
211.1,-31.2,23.4,-179.89,1.78,0.87
216.3,-3.8,-12.1,-179.7,-0.83,2.28
193.6,-24.8,24.4,179.55,1.06,-2.02
229.9,-53.6,-5.9,-179.98,-1.4,-1.84
232.2,-22.7,37.7,-179.4,-3.28,-1.51
242.5,-47.1,-5.7,-179.92,-0.96,-0.61
217.8,-31.0,30.9,-179.76,-1.21,1.93
226.4,-2.6,-6.7,-179.46,-1.67,0.6
207.7,-11.4,-11.1,-179.11,-1.94,-0.44
208.0,-9.4,-9.7,-179.14,-1.59,0.78
204.5,-16.4,-12.9,-179.14,0.57,-1.05
223.5,-53.5,-8.8,179.72,-2.57,-0.97
253.7,-35.1,-5.4,179.89,-2.13,-0.09
198.1,1.1,29.8,-179.88,-1.53,1.57
210.6,2.4,-23.8,-178.88,-7.66,0.98
240.3,7.0,-7.3,179.92,-1.3,0.61
212.4,-15.8,29.6,-179.92,-1.42,-0.7
243.8,-21.2,-6.5,-179.26,-1.11,-0.08
215.9,-25.8,-10.5,-179.17,-1.63,0.0
215.2,-48.4,-7.5,-179.58,-1.99,-0.35
225.1,15.9,-8.8,-178.96,-2.24,1.65
213.6,-8.7,-8.5,-179.14,-2.4,-0.8
215.0,-10.0,-9.6,-179.46,-2.58,-0.98
225.3,-7.4,-3.9,-179.22,-3.79,-1.0
183.1,-51.9,22.1,179.55,1.72,-2.19
207.8,15.1,-8.0,-179.8,-0.48,0.08
220.3,-12.5,-7.3,-179.93,-0.25,-1.58
226.5,-20.9,-4.8,-179.68,-1.46,-1.14
205.3,-19.6,-12.3,-179.06,-1.41,0.26
220.3,25.5,-6.6,-179.31,-2.37,1.21
211.1,-7.6,-11.3,-179.82,-1.87,-0.79
248.0,20.8,-6.1,179.64,-0.86,0.96
197.0,6.3,-9.6,-179.79,-1.32,0.52
190.4,-1.1,-6.1,-179.94,-0.91,-0.96
247.0,-16.8,-6.4,-179.62,-0.9,-1.4
248.3,-29.2,-5.6,-179.54,-1.17,-1.05
228.5,-15.7,-8.7,-179.38,-1.31,0.78
232.0,4.0,-5.9,-178.32,-4.64,1.0
193.0,-10.9,-10.3,-179.32,-1.08,0.08
197.7,-27.3,-5.9,-179.41,-1.04,-1.75
203.7,14.1,-8.8,-178.9,-1.83,0.6
225.4,0.6,-6.6,-179.17,-1.49,-0.7
240.6,-10.8,-10.6,-179.58,-1.34,-0.7
251.0,-47.5,-9.6,-179.6,-1.91,-0.35
201.2,-45.4,-9.2,-179.54,-1.46,1.14
236.7,18.7,-6.7,-179.0,-1.69,0.0
196.5,12.7,-0.4,-178.08,-3.77,0.21
225.5,-46.6,-7.2,-179.5,-1.72,-0.61
253.0,-2.1,-5.3,-179.32,-1.64,0.25
195.9,-21.3,-9.2,-179.57,-0.62,-1.23
196.1,-8.0,27.8,-179.6,-0.43,0.96
239.9,-36.9,-6.1,-179.73,0.03,-0.79
227.5,-19.0,-11.0,-179.38,-0.96,1.05
207.8,-8.8,-3.9,-179.19,-3.15,0.94
192.3,-42.4,-11.4,-179.82,-1.39,-0.79
246.1,9.2,-6.2,-179.89,-1.61,0.78
239.8,-44.7,-8.1,179.89,-2.48,-1.14
224.1,5.5,-6.7,179.96,-1.11,1.4
214.6,-41.4,-8.7,-179.89,-2.11,-1.49
203.3,-28.2,-5.3,-179.64,-2.61,0.42
197.3,-46.7,-8.5,179.94,-0.27,-1.05
204.3,-46.0,-7.4,-179.9,-0.87,-1.05
237.2,24.7,-5.6,-179.67,-0.62,1.14
227.0,13.0,-10.4,-178.83,-2.38,-0.89
223.9,12.5,-13.1,-179.73,-0.46,-0.7
195.1,23.5,-8.4,-179.17,-1.36,0.69
216.1,-9.3,-8.2,-179.46,-0.94,-0.88
215.2,-9.5,-8.5,-179.37,-1.28,-0.79
215.4,2.3,-7.7,-179.35,-1.27,1.4
231.9,-21.0,-6.1,-179.56,-0.9,-0.17
214.0,-49.2,-12.4,-179.28,-1.17,-1.05
230.1,15.8,-7.6,-178.59,-3.7,1.54
238.9,25.6,-6.3,-179.13,-1.55,0.6
247.3,12.0,-6.0,-179.27,-1.42,0.0
231.5,-7.9,-10.8,-178.8,-2.04,-1.41
215.3,19.7,-7.9,-179.78,-1.9,-0.1
221.4,15.2,-6.3,-179.93,-1.58,-1.23
244.7,-7.5,-5.9,179.89,-0.29,-1.23
249.5,-47.0,-8.3,-179.78,-2.71,-0.79
237.9,4.3,-4.4,-179.45,-2.22,0.51
251.3,-41.5,-8.6,-179.62,-2.61,-1.32
228.6,-16.8,-8.4,-179.14,-2.51,0.51
224.9,-22.2,24.5,179.79,1.03,-0.7
249.0,-23.2,-5.9,-179.56,-1.34,-1.58
250.7,-20.3,2.5,-179.02,-3.92,-1.52
211.9,-40.4,-7.2,-179.73,-0.85,0.43
243.4,-20.7,-7.6,-179.35,-2.2,0.43
208.4,10.7,-8.6,-179.24,-1.31,0.52
195.5,12.2,-5.1,-179.09,-1.52,0.16
217.8,16.7,-7.5,-179.17,-1.08,-0.97
190.6,-42.4,-12.6,-178.88,-1.09,-1.05
245.0,8.6,-5.2,179.9,-1.86,0.69
250.9,26.1,-7.9,-178.99,-2.53,0.59
214.3,-29.5,-9.1,-179.81,-2.02,-0.88
208.0,6.4,-8.4,-179.85,-1.8,1.04
247.0,-19.5,-8.9,-179.97,-2.05,-0.18
250.9,17.8,-5.7,-179.59,-2.08,0.51
200.0,-29.8,-9.3,179.94,-1.08,-1.23
242.0,-30.9,-5.7,179.98,-1.6,-0.97
224.4,25.2,-6.6,-179.47,-1.86,1.74
250.6,6.1,-5.3,-179.92,-0.89,0.08
240.0,2.6,-9.4,-179.27,-1.89,-0.09
228.3,16.5,-7.3,-179.04,-2.83,1.47
255.2,20.0,-5.3,-179.06,-2.46,-0.1
222.2,-3.4,-8.5,-179.32,-1.53,-1.94
195.0,-43.2,-12.7,-178.66,-1.32,-2.02
226.3,-33.7,-7.5,-179.93,-1.76,-0.09
219.9,-9.7,-7.4,-179.66,-2.09,0.43
198.4,16.9,-13.4,-179.08,-0.56,-0.08
217.5,16.1,-7.8,-179.55,-3.89,-0.75
248.5,16.1,-5.8,-179.35,-1.91,-0.27
188.5,-3.7,-11.1,-179.72,-0.27,-0.17
193.8,-9.3,-12.8,-178.7,-1.26,-0.35
229.4,-23.2,-7.1,-179.91,-0.96,0.0
237.0,22.2,-4.8,-179.5,-1.69,1.74
227.8,-14.5,-10.0,-179.59,-1.71,-0.7
253.0,-0.7,-7.3,-179.62,-2.89,0.15
217.4,-42.5,-6.2,179.91,-2.57,-0.35
251.4,-39.4,-8.1,-179.93,-2.29,-0.44
195.4,-44.6,-8.9,179.93,-1.06,-0.35
240.5,-44.5,-6.2,179.96,-1.94,0.26
253.8,-19.2,-6.2,-179.66,-2.35,-0.09
200.4,8.0,-8.8,-179.93,-0.44,1.31
235.8,6.8,-7.8,-179.15,-2.31,-0.89
229.8,13.0,-7.8,-179.01,-3.0,1.11
194.6,1.0,-7.1,-179.02,-2.08,0.69
194.7,1.3,-9.5,-178.96,-1.75,-3.7
253.8,22.1,-6.9,-178.91,-1.94,-0.62
236.5,-12.8,-12.0,-179.32,-2.18,-0.44
198.9,-23.3,-7.9,-179.55,-0.8,-0.7
201.5,20.2,-9.4,-179.2,-1.28,2.1
236.5,-33.9,-5.9,-179.8,-0.77,-0.35
242.2,3.5,-7.3,-179.23,-2.88,1.12
189.3,-6.9,-10.7,-179.84,-1.14,1.22
219.6,28.9,-5.8,-179.71,-1.12,1.31
245.4,3.5,-6.3,-179.62,-1.9,-0.53
238.8,-33.1,-6.5,-179.87,-2.02,-1.14
249.2,-49.8,-5.9,179.95,-1.85,-0.96
199.8,20.0,-10.0,-179.65,-1.19,-0.18
195.4,4.0,-12.2,-179.38,-1.83,-0.89
252.5,-29.1,-5.3,-179.93,-2.38,-0.09
233.0,-12.4,-7.1,-179.75,-2.1,1.22
213.8,-44.0,-8.2,-179.92,-1.67,-0.35
239.3,-36.2,-6.2,-179.93,-1.58,0.96
224.4,-15.8,-9.5,-179.46,-2.22,0.95
253.8,-9.6,-6.1,-179.67,-2.26,-0.18
240.4,-36.5,-7.3,-179.81,-2.63,-1.23
251.8,21.0,-8.8,-179.38,-2.38,0.77
230.1,25.3,-6.1,-179.28,-2.46,0.15
197.4,-8.6,-10.7,-179.71,-1.66,-2.38
196.9,15.8,-11.6,-179.21,-2.52,0.32
231.2,14.0,-7.3,-179.55,-2.26,-0.54
203.2,0.7,-7.3,-179.99,-1.11,-0.26
189.2,-50.6,-9.7,179.81,-0.98,-0.44
213.4,-48.6,-5.9,179.83,-1.24,-0.35
192.1,-3.7,-9.6,179.77,-0.15,1.67
239.2,7.2,-5.9,-179.99,-0.63,0.61
219.0,-26.3,-12.1,-179.29,-1.74,-1.58
195.0,-17.8,-9.6,179.99,-2.62,0.33
202.5,-43.2,-13.1,-179.94,-1.14,-1.49
245.6,-15.8,-10.1,179.85,-2.08,0.69
196.5,3.7,-10.1,-178.74,-0.96,0.87
244.4,-50.5,-6.0,-179.22,-0.81,-2.1
216.8,13.7,-4.8,-178.91,-1.47,0.87
242.6,-46.9,-6.7,-179.58,-2.08,-0.35
230.0,7.4,-9.9,-179.47,-1.77,1.39
190.6,-42.9,-10.6,-179.97,-0.97,-0.17
228.3,6.4,-7.3,-179.45,-2.03,0.34
247.0,-37.2,-5.6,-179.9,-1.66,-0.17
219.4,-33.5,-7.2,-179.97,-0.97,1.22
242.5,23.6,-10.2,-178.61,-2.38,-0.36
249.0,11.2,-7.6,-179.94,-2.94,-0.9
202.7,-17.1,-8.7,179.41,-1.31,-0.08
219.6,7.5,-6.4,179.56,-0.96,1.4
241.4,14.9,-5.7,-179.32,-1.72,0.16
228.2,25.2,-11.7,-178.81,-0.56,-0.17
187.9,-9.5,-10.4,-179.84,-0.5,-0.35
213.2,-16.3,-8.1,-179.81,-0.4,-0.26
214.1,-10.9,-8.4,-179.56,-1.07,1.14
234.2,-46.4,-6.4,-179.62,-1.64,0.17
187.1,-22.3,-10.6,-179.55,-0.44,1.31
238.9,-26.4,-10.2,-179.39,-0.96,-0.52
237.7,-44.6,-6.0,-179.45,-2.78,0.43
229.9,-1.0,-9.8,-178.94,-2.36,1.39
247.7,-7.0,-6.1,-178.93,-2.18,-0.27
234.5,-26.8,-6.1,-179.27,-1.66,-0.44
248.5,-18.5,-5.5,-179.5,0.25,0.96
231.5,-47.3,-6.5,-179.17,-2.31,-1.14
204.3,25.3,-13.0,-178.77,-0.45,2.81
219.6,-14.5,-11.1,-179.01,-1.74,-1.32
212.8,-28.1,-10.3,179.55,-2.32,-1.15
233.4,10.3,-6.6,-179.82,-1.88,-0.18
243.0,10.4,-5.5,-179.53,-1.69,-0.53
226.8,-22.7,-9.6,-179.41,-2.03,-0.79
222.1,-38.2,-10.7,-179.38,-2.75,-0.62
228.5,-3.5,-6.7,-179.37,-2.01,0.25
199.5,-29.9,-12.4,-179.1,-0.45,-1.49
218.7,4.1,-7.9,-179.37,-1.92,-0.18
251.4,15.1,-5.8,-179.33,-2.0,-0.27
244.4,4.1,-4.9,-179.45,-1.48,-1.06
253.1,15.3,-6.6,-179.12,-2.48,0.42
218.6,20.0,-6.6,-179.61,-1.45,0.43
224.5,-1.3,-6.2,-179.88,-0.97,-1.05
196.3,-36.8,-5.7,-179.93,-1.59,-0.61
250.7,12.9,-7.6,-179.63,-1.17,0.43
202.2,11.5,-8.4,-179.89,-0.52,0.7
236.5,-22.8,-6.6,-179.6,-1.08,-1.49
224.0,-19.7,-11.2,-178.87,-1.56,-0.26
244.8,-46.7,-6.5,179.95,-1.94,0.17
222.6,8.0,-7.0,-179.87,-0.97,1.05
199.5,-28.9,-9.2,-179.9,-1.41,-0.79
239.6,-40.9,-5.9,-179.99,-0.88,-0.44
208.4,20.0,-7.7,-179.49,-1.21,0.6
192.3,-35.8,-10.5,-179.82,-1.12,-0.61
190.3,21.7,-10.5,-178.95,-1.45,1.39
234.7,25.5,-6.0,-179.11,-1.25,-0.26
227.4,8.6,-5.0,-179.18,-1.29,-0.7
218.1,15.4,-10.0,-179.1,-1.45,0.96
218.6,-44.5,-8.6,-179.4,-3.38,-0.62
200.6,2.3,-3.5,-179.14,-2.31,0.86
188.2,15.0,-11.0,-179.55,-0.76,-0.09
212.7,-23.5,29.9,-179.71,-1.28,-1.49
214.7,-18.2,-11.9,-179.43,-1.76,-0.18
247.4,-54.9,-10.0,-179.69,-2.36,-1.14
215.5,-14.5,-8.2,-179.58,-1.52,1.22
204.6,-1.9,-6.9,-179.5,-1.31,0.34
210.7,0.0,-8.5,-179.57,-1.06,0.34
232.8,-28.0,-6.1,-179.58,-1.44,-0.44
225.5,-46.7,-11.6,-179.68,-1.47,-1.23
221.1,-17.5,-6.5,-179.72,-2.54,0.16
205.8,-25.7,-8.6,-179.99,-1.34,-0.61
212.7,-36.1,-10.5,-179.15,-1.56,-0.88
246.2,-20.4,-5.8,179.9,-2.06,0.6
234.3,-32.0,-7.5,179.95,-2.05,-0.88
208.3,19.1,-11.2,-178.86,-3.52,0.92
195.2,22.9,-11.5,-179.07,-2.67,1.2
245.9,-43.1,-5.7,-179.96,-0.43,-0.43
217.6,-22.4,-8.6,-179.45,-1.41,-0.09
251.3,-15.1,-9.8,-179.18,-2.34,0.07
241.1,-28.0,-8.6,-179.25,-2.19,-1.5
242.6,16.8,-5.4,-179.69,-1.09,3.33
202.4,-46.7,-8.5,-179.8,-1.21,-0.26
244.5,18.7,-5.2,-179.91,0.3,1.31
215.2,-40.4,-6.9,-179.62,-1.63,-0.88
241.8,21.6,-5.7,-179.47,-0.93,0.52
230.7,-28.3,-5.6,-179.6,-1.26,-1.05
225.6,-18.8,-11.2,-179.4,-1.67,0.25
217.1,-20.8,-9.7,-179.39,-3.37,-0.19
216.1,-9.4,-10.9,-179.41,-1.66,0.87
191.3,-31.5,-13.1,-179.06,-2.05,-1.23
233.9,-15.2,-6.3,179.92,-1.81,0.25
211.5,-36.7,-12.7,179.84,-0.73,-1.31
226.0,1.8,-9.0,-178.71,-3.75,1.63
192.1,-38.9,-8.9,-179.39,-1.16,-0.44
245.6,-7.5,-5.4,-179.68,-1.46,0.96
241.5,2.5,-8.9,-179.13,-1.49,0.34
240.2,1.4,-10.1,-178.87,-0.78,0.08
195.8,6.0,-13.0,-178.77,-1.22,-0.61
222.6,-2.2,-8.0,179.9,-2.8,-2.12
229.9,-34.5,-6.5,179.34,-1.97,-1.76
255.6,-36.0,-7.9,-179.43,-3.02,-1.06
209.7,-40.7,-5.1,-179.67,-1.29,-0.17
234.2,-22.7,-6.3,-179.65,-0.57,2.19
204.3,11.7,-12.3,-178.76,-1.61,1.39
205.1,-27.5,-7.3,-179.13,-2.69,-0.53
243.3,-13.7,-5.5,-179.69,-1.99,0.6
252.1,-42.6,-6.4,-179.76,-2.62,-0.35
221.7,22.6,-8.0,-179.1,-1.91,-0.27
225.5,-11.0,-9.9,-178.77,-1.95,-1.06
219.0,-26.8,-10.8,-178.48,-2.49,-0.62
229.6,14.7,-8.6,-177.53,-2.42,1.04
253.5,-29.8,-8.0,179.94,-2.22,0.08
233.2,-18.0,-7.2,-179.21,-2.71,0.51
234.0,-16.9,-6.0,179.92,-1.36,-0.17
215.6,11.8,-9.1,-179.61,-2.1,0.33
201.1,-33.1,-11.0,-179.88,-3.19,-1.15
198.7,11.1,-8.9,179.94,-1.06,0.34
221.7,8.1,-6.6,179.78,-0.72,-0.44
202.2,-24.9,-13.0,-179.32,-1.11,-0.7
253.3,-38.4,-5.2,179.61,-2.07,-0.61
188.2,-10.2,-8.2,-179.67,-2.01,-0.01
225.9,-11.4,-6.8,179.87,0.51,-0.79
233.0,-9.8,-6.4,-179.18,-1.52,-0.09
215.1,-39.5,-8.6,-179.24,-1.85,-0.44
241.6,-52.7,-5.4,-179.53,-2.17,-0.61
187.8,-44.9,-9.5,-179.69,-0.41,0.35
191.5,-19.1,-12.7,-179.66,-1.81,0.34
246.9,2.5,-5.0,-179.61,-1.53,1.4
243.5,-44.3,-8.8,-179.52,-2.86,-1.5
221.1,-15.1,-8.6,-178.88,-2.08,-0.35
209.9,-48.8,-8.0,-179.73,-1.12,-0.79
226.3,-0.4,-6.9,-179.18,-1.59,0.34
224.2,-7.5,-7.4,-179.18,-1.59,-1.32
206.1,-36.9,-8.2,-179.47,-1.25,-0.52
195.9,8.8,-8.5,-179.48,-0.37,1.23
212.8,-12.7,-5.8,-179.35,-1.1,-0.61
222.4,-39.5,-6.8,-179.52,-1.0,-0.44
204.4,-41.6,-11.4,-178.95,-1.38,-0.61
214.4,-10.2,-9.2,-178.42,-2.88,1.03
234.9,-23.2,-6.5,-179.6,-2.25,0.0
244.5,14.4,-9.0,-179.15,-2.21,-0.36
207.1,-30.3,-7.2,-179.89,-1.05,-1.23
253.6,14.2,-7.2,-179.11,-1.38,0.43
248.1,10.6,-5.9,-179.37,-3.21,0.14
233.3,12.7,-9.7,-179.09,-1.92,0.69
206.5,-26.7,-8.8,-179.74,-1.74,-0.97
214.4,8.8,-7.2,179.91,-0.3,2.28
190.5,-0.1,-12.8,-179.9,-0.89,2.1
238.7,11.3,-5.4,-179.89,-1.8,0.87
205.3,-20.4,-8.2,179.82,-1.12,-1.58
221.7,-45.8,-6.7,179.68,-1.35,-0.7
196.6,8.8,-12.6,-179.05,-1.52,0.87
227.4,-32.8,-10.0,179.76,-2.24,0.34
241.8,-36.8,-9.4,-179.99,-2.03,-1.14
205.6,-53.5,-7.4,179.93,-1.59,-1.05
233.8,17.3,-6.5,-179.08,-1.63,1.39
250.0,5.7,-10.2,-178.87,-2.13,-1.33
192.0,-48.5,-9.6,-179.23,-0.73,-0.43
223.6,-38.0,-7.7,-179.41,-2.05,0.0
250.8,11.1,-5.0,-179.38,-1.46,0.87
251.3,-15.7,-8.0,-179.38,-2.38,-1.41
188.3,2.9,-10.7,-178.91,-0.9,-0.08
204.6,-12.8,-9.9,-179.11,-1.94,-0.71
237.9,-41.7,-5.9,-179.89,-1.13,-0.17
237.6,-41.5,-8.7,-179.54,-2.87,-0.18
193.4,-33.7,-9.9,-179.59,-0.91,0.0
211.8,22.3,-6.3,-179.28,-1.03,0.78
198.4,-17.7,-13.0,-179.32,-1.28,-0.17
216.6,-34.0,-11.0,-179.56,-1.18,-0.26
197.3,-22.8,-9.2,-179.53,-1.52,1.22
227.5,-30.5,-7.7,-179.49,-2.14,-0.26
201.9,20.1,-9.6,-179.25,-1.78,1.3
226.0,-19.0,-6.5,-179.82,-1.3,0.08
219.4,-20.4,-9.8,-179.8,-1.39,0.08
231.0,1.1,-9.9,-179.99,-2.19,-0.01
191.6,-33.3,-9.3,179.65,-1.49,-1.14
237.6,-2.2,-6.1,179.57,-0.46,1.4
208.0,-26.1,-7.0,179.83,-1.82,-0.97
214.6,6.9,-10.6,-179.73,-1.66,0.95
255.1,-14.9,-4.3,-179.89,-2.3,-0.18
225.3,-32.0,-10.0,-179.76,-2.18,-0.35
223.9,9.9,31.0,-179.36,-2.01,1.48
235.1,-13.9,-5.6,-179.51,-2.14,-0.44
212.4,2.0,-11.7,-179.6,-1.62,1.22
227.3,-44.1,-9.3,-179.86,-2.81,-1.41
235.1,-29.7,-7.2,-179.75,-3.33,1.13
219.7,-8.5,-8.5,-179.43,-1.75,-0.62
235.1,-38.3,-6.2,179.9,-2.31,-0.26
190.9,8.0,-7.2,-179.95,-1.11,0.87
207.1,-31.7,-7.9,179.68,-0.22,-0.26
229.8,-13.0,-6.0,-179.81,-0.85,0.35
216.5,13.5,-10.1,-178.56,-1.62,0.25
201.3,-6.4,-7.0,-178.91,-2.6,-0.72
245.0,2.4,-10.3,-179.49,-1.77,-0.18
214.3,9.6,-8.0,-179.0,-3.28,1.37
225.3,16.7,-5.7,-179.63,-1.26,0.69
215.0,4.9,-8.8,-179.37,-1.73,-1.32
221.0,-50.6,-7.0,-179.5,-1.9,-1.05
234.5,-40.3,-6.6,-179.57,-1.72,0.43
227.7,24.3,-8.1,-178.97,-2.14,0.86
192.7,0.2,-8.2,-179.32,-1.34,-0.88
245.6,0.4,-7.0,-179.15,-2.4,-0.45
242.6,-27.2,-9.0,-179.32,-3.0,-0.8
222.2,-6.3,-6.6,-179.72,-1.38,0.0
246.9,20.3,-5.6,-179.27,-1.88,0.86
201.5,-22.0,-5.7,-179.65,-1.09,-1.4
233.7,20.0,-6.5,-179.39,-1.37,0.25
244.2,-38.7,-5.5,-179.58,-1.89,-1.23
211.9,20.3,-7.4,-179.44,-0.91,1.05
210.8,-1.4,-9.3,-179.35,-1.45,-0.7
250.6,10.4,-6.0,-178.94,-2.15,-0.8
184.8,-27.5,-11.0,-179.45,-0.87,-0.61
192.1,-25.5,-11.0,-179.27,-1.73,-0.44
248.4,-30.7,-5.6,-179.43,-1.51,-0.35
215.5,-39.6,-9.2,-179.41,-2.58,-0.79
242.8,-52.8,-6.1,-179.62,-2.18,-0.52
213.6,-36.3,-5.8,-179.54,-1.89,1.49
197.5,-26.8,-10.0,-179.52,-1.07,0.0
238.8,25.3,-6.3,-179.42,-1.28,0.96
230.9,-55.2,-8.3,-179.75,-2.62,-1.32
200.0,23.6,-13.2,-179.95,-1.33,0.08
194.8,-38.4,-8.4,179.86,-2.15,-0.62
237.0,26.5,28.5,179.4,0.34,1.4
208.8,9.9,-3.6,-179.39,-2.87,-0.02
209.8,-29.9,-9.0,-179.88,-1.58,-1.05
201.4,2.3,-12.0,-179.04,-1.54,1.22
248.8,-5.7,-6.0,-179.01,-2.46,-0.89
232.7,19.7,-9.1,-178.88,-1.38,1.84
244.2,9.3,-4.9,-179.07,-1.55,0.34
191.8,-11.8,-11.9,-179.19,-1.5,-0.62
241.3,-26.6,-7.6,-179.23,-2.9,-0.97
233.6,-15.3,-10.2,-179.05,-2.77,1.65
205.7,26.3,-5.6,-179.45,-2.54,1.47
238.0,-32.2,-9.0,179.99,-1.95,-0.09
188.3,-46.4,-10.7,-179.81,-0.95,-0.52
242.2,-21.8,-6.3,-179.53,-1.79,0.87
242.3,-46.2,-7.2,-179.6,-2.52,-0.88
220.5,-28.2,-6.4,-179.48,-2.14,0.34
220.6,-8.4,-7.8,-179.38,-1.02,0.34
213.0,-12.8,-11.2,-178.72,-1.49,-0.44
193.3,-32.8,-11.4,-179.53,-2.59,-0.97
201.5,-18.1,-12.2,-179.6,-1.35,0.34
198.2,-19.1,-13.8,-179.67,-0.64,0.26
226.5,-17.5,-6.8,179.86,-1.46,-0.09
256.1,-3.8,-8.7,-179.72,-2.73,0.33
223.3,27.5,-5.9,-179.4,-2.32,0.59
215.6,-13.0,-8.6,-179.54,-2.06,-1.24
220.1,-47.2,-11.9,-179.73,-1.82,-1.14
224.9,-36.3,25.1,179.72,0.14,1.49
237.7,-22.3,-5.3,-179.25,-1.74,0.25
204.4,5.3,-11.2,-178.59,-1.36,0.08
195.6,-31.6,-9.5,-179.04,-1.79,-0.97
233.0,-26.0,-6.7,-179.3,-1.83,-1.05
246.9,-7.0,-6.0,-179.42,-1.4,0.96
234.7,-9.1,-6.2,-179.32,-1.82,0.78
237.6,-31.4,-5.8,-179.41,-2.04,-1.06
191.6,-16.8,-9.2,-179.76,0.14,1.49
214.5,-37.8,-7.3,-179.62,-0.74,-1.14
198.8,-45.7,-10.9,-179.64,-0.93,-0.44
194.4,-40.6,-11.2,-179.76,-1.47,1.22
236.5,22.2,-5.6,-179.53,-1.04,1.4
216.2,2.4,-9.7,-179.16,-2.22,-0.8
226.9,-31.3,-11.3,-179.98,-1.69,-1.14
195.0,22.1,-7.9,-179.33,-2.39,1.82
204.9,1.9,-12.3,-179.54,-1.05,-0.53
197.4,4.8,-9.3,179.88,-1.8,1.22
209.2,16.7,-11.1,-179.09,-2.0,0.16
238.2,22.2,-9.2,-179.18,-2.51,-0.98
224.0,11.2,-10.0,-179.0,-3.47,-0.82
230.4,4.2,-10.6,-179.98,-2.02,-0.88
206.4,-48.8,-8.2,179.84,-1.5,0.0
224.2,-13.4,28.2,179.96,-0.63,0.17
220.1,-20.1,-9.9,-179.2,-1.62,-0.53
247.6,-2.9,-8.9,-179.49,-2.13,0.86
244.7,-33.6,-8.0,-179.52,-2.5,-1.67
241.9,6.0,-9.3,-179.3,-1.99,-0.18
249.7,-50.3,-8.0,-179.62,-2.88,-0.97
253.1,9.8,-7.1,-178.91,-3.34,1.55
209.9,-9.1,-7.1,-179.34,-1.73,-0.09
211.1,3.4,-7.1,-179.64,-0.53,0.87
247.4,-33.8,-5.7,-179.71,-0.14,-0.52
234.6,-28.0,32.5,-179.5,-1.7,1.22
247.8,9.5,-9.2,-179.1,-1.74,0.16
221.5,-20.6,34.1,-179.01,-3.2,-1.51
234.1,-6.5,-6.0,-179.23,-1.98,0.0
228.6,-30.8,-4.0,-179.6,-1.8,-1.32
222.3,-4.9,-8.3,-179.43,-2.21,0.86
255.6,-37.8,-8.5,-179.84,-2.36,0.0
249.3,-8.3,-4.7,-179.49,-2.85,1.12
233.3,-8.2,-10.6,179.89,-1.1,0.96
208.9,-1.4,-5.5,-179.61,-2.17,0.51
196.6,-33.8,-9.2,-179.95,-0.79,-0.87
239.3,17.4,-6.5,-178.67,-1.4,0.25
204.9,17.7,-6.2,-178.59,-2.08,0.95
211.9,16.4,-7.4,179.95,-1.06,0.08
212.1,-30.2,-8.9,-179.81,-2.55,-0.88
250.9,-4.1,-8.5,-179.61,-1.98,0.34
222.3,20.9,-6.4,-179.27,-2.07,0.33
217.2,-44.9,-9.7,-179.01,-1.74,-1.49
252.2,-41.6,-10.0,179.99,-1.76,-0.52
252.8,-34.1,-7.3,179.89,-3.45,1.22
209.2,-39.6,-7.8,179.85,-1.78,0.08
223.5,-0.6,-7.2,-179.63,-1.9,0.43
235.6,-6.3,-6.1,-179.58,-1.61,-0.18
234.9,-21.2,-8.9,-179.3,-2.1,-0.97
250.0,-17.2,-8.4,-179.2,-2.17,-0.71
215.8,-16.2,-6.7,-179.2,-2.17,1.31
194.8,3.5,-9.1,-179.49,-0.38,1.23
252.2,-30.8,-5.2,-179.39,-1.16,-0.35
251.9,-15.6,-7.9,-179.23,-1.92,1.4
195.0,-42.6,-9.5,-179.34,-1.16,-0.08
250.7,-17.2,-9.8,-179.07,-1.27,1.14
229.1,-29.7,-5.7,-179.2,-2.36,-0.09
218.2,2.5,-9.4,-178.87,-2.59,1.12
217.1,-13.3,-8.8,-179.38,-1.02,-0.26
233.5,-8.5,-9.0,-179.43,-1.94,0.0
205.5,-18.8,-7.1,-179.53,-2.41,-0.18
250.9,0.0,-8.4,-179.42,-1.21,0.34
226.8,-8.8,-4.7,-179.64,-2.81,-0.19
228.7,3.5,-6.8,-179.85,-1.7,0.16
244.1,-48.3,-5.6,179.86,-1.85,-0.26
238.6,-10.4,-8.0,-179.45,-3.47,1.12
237.7,-10.2,-8.5,-179.29,-2.09,1.13
208.3,-27.6,-10.6,-179.19,-1.01,-0.26
240.1,-4.4,-6.2,-179.99,-1.81,0.25
242.7,0.0,0.6,-179.38,-4.19,0.92
234.1,-52.6,28.0,179.59,-0.55,-0.87
249.3,12.1,-5.5,-179.59,-2.45,0.07
224.0,-3.3,-5.7,-179.93,-1.44,-1.05
224.4,-2.8,-6.5,-179.95,-1.25,1.75
237.6,-20.7,-6.0,-179.75,-2.01,-1.32
236.0,-0.1,-11.0,-179.12,-1.58,0.6
243.8,-6.2,-10.0,179.89,-2.11,-0.27
195.7,12.6,-9.8,-179.34,-0.86,-0.7
199.4,21.1,-6.0,-178.87,-1.8,-0.45
230.8,-0.2,27.0,-179.67,-0.17,-0.52
233.5,1.3,-9.9,-177.83,-2.96,0.77
198.1,5.9,-9.1,-179.21,-1.39,0.25
246.2,7.1,29.0,-179.61,-0.34,-0.52
217.5,-31.8,-7.7,-179.8,-1.74,-0.79
185.8,12.6,25.1,179.64,0.61,1.05
222.2,-37.2,-5.2,179.93,-0.18,-0.79
250.7,3.0,-9.3,-179.73,-1.56,-0.62
251.5,6.8,-5.0,-179.85,-2.78,0.59
240.5,-20.1,23.1,179.66,1.0,-3.42
202.4,18.0,-7.6,-179.39,-1.65,0.25
199.0,-13.9,-10.0,-179.8,-0.67,-1.31
200.7,-5.0,-11.7,-179.42,-2.02,1.13
203.0,-23.1,-6.6,-179.58,-2.42,-0.09
198.2,-29.5,-13.1,-179.56,-1.88,-0.35
235.3,-44.7,-6.2,-179.84,-2.1,0.26
195.8,6.6,-9.6,-179.64,-0.99,1.05
189.5,-17.0,-9.8,-179.74,-0.93,-0.88
226.3,0.7,-6.9,-179.7,-0.73,0.7
225.2,1.1,-9.4,-179.31,-2.09,0.86
245.6,-37.4,-11.0,-179.46,-2.14,-0.97
250.8,-1.7,-6.1,-179.47,-2.13,0.34
246.4,-45.0,-9.2,-179.81,-1.92,-1.23
243.9,25.6,-5.2,-179.46,-2.22,2.97
254.9,-12.7,-10.0,-179.49,-2.4,-0.36
192.9,9.1,-7.7,-179.6,-1.92,0.07
192.2,7.5,-3.3,179.21,1.48,-0.35
230.1,-1.5,-9.4,-178.91,-1.51,-1.05
219.3,-12.8,-8.4,-179.83,-3.02,0.42
252.5,3.5,-6.0,-179.69,-1.91,1.22
253.2,5.6,-7.2,-178.91,-3.16,-0.2
210.9,-0.7,-7.8,179.81,-1.16,-0.17
223.7,-50.0,-10.0,179.8,-2.39,-0.26
245.5,-48.5,-9.8,179.95,-2.2,0.17
188.5,7.1,-10.1,-179.48,-1.3,0.43
191.9,-30.2,-12.8,-179.13,-1.16,-1.58
253.7,26.4,-5.5,-179.18,-1.76,0.6
210.0,-5.9,-9.3,-179.21,-1.96,-1.24
216.3,-31.7,-7.8,-179.43,-1.86,-0.7
215.6,-31.3,-6.1,-179.46,-2.22,-0.53
211.5,-5.3,-10.9,-178.76,-1.84,0.43
215.6,-46.2,-7.8,-179.55,-2.95,-0.71
200.4,-37.5,-9.2,-179.64,-1.37,0.17
226.5,-20.8,-6.0,-179.64,-0.91,0.26
197.6,26.0,-10.4,-179.31,-1.03,0.52
206.7,-25.8,-8.1,-179.47,-1.68,-1.05
201.5,-8.6,-4.1,-179.16,-2.32,0.16
204.4,-1.2,-5.8,-179.39,-1.37,0.52
244.2,-26.6,-5.2,-179.78,-0.23,-0.79
251.9,-41.4,-5.7,-179.71,-1.2,-0.26
219.7,-34.6,-6.9,-179.71,-1.02,1.31
230.4,25.1,-6.7,-179.22,-1.49,0.6
223.3,-7.5,-9.5,-179.42,-1.38,-1.32
252.8,-39.9,-5.3,-179.79,-2.18,0.0
196.9,8.0,-9.9,-179.43,-1.47,0.34
223.8,-16.4,-7.7,-179.69,-1.73,-0.53
208.8,-5.1,-12.0,-179.32,-1.18,1.57
227.0,-22.6,-7.3,-179.29,-1.74,-0.79
240.4,-11.4,-9.8,-179.63,-2.44,-0.01
251.0,-36.4,-8.5,-179.74,-2.62,-1.15
245.0,1.9,-6.7,-179.19,-3.78,2.16
218.8,-44.1,-8.9,-179.29,-2.39,-1.14
190.6,9.0,-7.4,-179.49,-0.94,3.51
236.0,7.4,-5.8,-179.48,-0.48,0.52
192.1,-27.1,-12.9,-178.82,-1.38,-0.44
241.3,17.8,-5.7,-179.63,-1.36,0.78
189.8,25.8,-9.9,-179.6,-0.78,0.17
192.0,-32.8,-8.7,-179.71,-0.57,-1.4
191.2,13.4,-6.4,-179.2,-1.47,0.87
243.0,-46.5,-5.9,-179.66,-0.94,-0.44
232.5,-39.4,-6.3,-179.47,-1.98,0.78
233.6,16.9,-1.3,-178.56,-2.94,-0.02
219.3,-8.7,-8.5,-179.03,-1.82,-1.23
240.2,-16.7,-8.0,-179.33,-2.37,-0.18
218.8,-5.6,-11.4,-178.52,-2.98,1.12
218.2,-15.8,-8.4,-179.55,-3.14,-0.01
217.8,-17.3,-11.1,179.61,-1.88,-0.09
239.7,-40.5,-6.0,-179.37,-2.22,-1.49
200.5,-24.5,-5.7,-179.2,-3.16,1.83
237.1,19.9,-5.8,-179.4,-0.91,1.31
242.2,-47.7,-7.4,-179.56,-3.05,-1.14
198.9,-38.0,-6.7,-179.58,-1.98,0.52
252.6,4.2,-4.4,-179.76,-0.2,0.52
202.3,-10.5,-9.9,-179.44,-1.39,0.25
190.0,-30.1,-12.8,-179.62,-1.44,-0.97
189.2,-28.1,-15.3,-179.94,-0.25,-0.7
205.6,-8.8,-9.5,179.99,-3.17,1.38
191.3,-50.6,-12.8,-179.96,-1.58,-0.61
247.8,-47.0,-9.9,179.9,-2.21,-0.61
211.2,-29.7,-9.6,-179.1,-1.72,0.17
241.6,13.9,-6.0,-179.19,-1.95,0.95
222.1,-18.3,-9.7,-179.28,-2.26,-1.59
209.7,9.6,-7.8,-178.96,-1.86,0.51
209.6,-19.4,-9.8,-179.37,-1.11,-1.05
245.6,-40.7,-5.3,-179.52,-1.18,-0.52
242.1,-14.7,-10.1,-179.38,-1.94,1.48
233.0,-47.8,-7.7,-179.8,-3.51,-0.71
185.9,13.1,-10.1,-179.7,-0.44,-0.17
237.7,19.0,-5.4,-179.52,-0.75,-0.79
237.4,-40.1,-6.0,-179.75,-0.59,-0.79
254.3,-19.2,-5.1,-179.53,-1.17,0.52
240.8,-42.6,-8.9,-179.5,-2.15,-1.05
232.8,-37.7,-5.6,-179.52,-1.98,0.34
234.8,-1.7,-10.5,-178.99,-1.82,0.87
243.9,-31.7,-9.3,-179.81,-2.46,-0.88
211.9,-6.6,26.5,179.83,-0.04,0.7
253.3,4.3,-5.2,-179.46,-1.58,-0.18
213.3,2.1,-7.2,-179.7,-0.64,0.78
223.1,25.0,-6.9,-179.2,-1.48,0.69
197.3,-22.5,-4.6,-179.22,-2.16,-1.15
232.7,8.6,-8.3,-178.94,-2.15,0.16
220.9,-39.0,-11.7,-179.1,-1.48,-0.79
200.9,23.4,-8.7,179.91,-1.09,0.96
205.3,10.8,-8.7,-179.98,-1.22,-0.61
212.0,13.8,-8.7,-179.41,-2.41,-0.54
231.7,-6.3,-7.3,-179.1,-2.21,-1.5
192.6,-35.5,-9.7,-179.58,-0.91,-0.79
206.4,-1.8,-7.0,-179.27,-1.62,1.75
220.6,-20.7,-7.0,-179.34,-1.03,0.08
232.9,9.0,-6.8,-179.09,-1.64,0.08
200.9,-1.0,-4.7,-179.2,-1.58,-0.09
237.6,4.2,-5.7,-179.54,-0.59,-0.35
241.5,24.1,-8.0,-178.82,-2.84,-0.02
242.3,-1.9,-7.6,-178.85,-3.42,-0.99
205.6,-20.0,-9.7,-179.66,-1.99,0.16
199.1,13.3,-9.2,-179.41,-1.18,-0.18
191.3,-21.0,-10.5,-179.53,-1.51,-1.05
218.2,-27.8,-8.6,-179.3,-2.02,-0.18
221.2,-17.6,-10.0,-179.13,-2.6,1.04
241.2,-25.1,-8.1,-179.29,-2.73,-0.01
230.2,0.9,-5.4,-178.87,-3.15,1.03
225.6,14.6,-7.1,-179.18,-1.57,1.04
241.7,14.1,-5.7,-178.95,-1.96,-0.45
217.9,-27.8,-12.6,-178.78,-1.99,-2.29
234.1,15.3,-4.1,-179.02,-2.73,-0.19
194.9,-13.9,-12.1,-178.62,-1.24,-1.84
214.7,-36.0,-7.8,-179.62,-2.07,-0.35
194.9,-18.7,-9.9,-179.59,-1.53,1.57
207.0,-15.9,-9.2,-179.51,-1.87,1.31
249.0,12.7,-5.2,-179.7,-1.28,0.87
192.7,19.3,-9.7,-179.57,-1.15,0.6
247.2,-8.3,-6.2,-179.46,-2.4,-1.59
244.7,-16.1,-6.5,-179.73,-2.54,-0.62
227.1,-49.4,-5.6,179.9,-2.38,-0.44
226.3,-30.7,-11.4,179.91,-1.42,1.31
228.6,-30.6,-10.3,-179.77,-3.24,1.21
195.8,-47.8,-8.9,179.55,-1.8,-0.7
195.6,-47.8,-8.8,179.54,-1.38,-2.11
229.3,-22.4,-11.1,179.47,-1.97,-0.09
245.3,-39.7,-6.3,-179.52,-2.07,-0.35
219.3,-50.5,-6.6,178.72,-2.19,0.08
192.4,-4.3,-4.9,-179.81,-1.86,1.57
242.8,-50.6,-7.3,179.8,-1.24,-0.26
248.5,2.7,-7.7,-179.22,-2.43,-0.27
246.8,-19.7,-9.6,-179.31,-1.65,-0.88
202.6,-49.3,-6.4,-179.93,-2.28,0.17
218.0,19.7,-7.2,-178.97,-2.05,-0.1
239.9,-41.3,-6.1,-179.65,-0.85,-0.08
231.3,24.8,-6.6,-179.06,-1.71,1.04
185.9,6.6,-9.9,-179.47,-0.36,0.26
227.0,-10.5,-6.6,-179.46,-0.31,-1.05
243.6,-28.4,-5.8,-179.39,-1.59,-0.7
208.8,-33.1,-7.8,-179.43,-1.33,-0.61
245.6,15.3,-4.4,-179.84,0.41,1.84
202.0,18.8,-7.6,-179.59,-0.3,1.49
240.9,11.9,-8.1,-178.93,-2.33,-0.63
234.4,-6.9,-6.4,-179.07,-3.21,-0.55
247.3,9.2,-5.2,-179.62,-0.98,0.7
192.8,12.4,-9.0,-179.62,-0.89,0.17
234.6,5.2,-6.1,-179.55,-1.42,-0.44
215.9,-38.5,-10.5,-179.76,-1.74,-0.97
194.1,-35.4,-12.7,-179.55,-1.98,0.69
229.1,-45.0,-6.4,179.17,-2.37,-0.79
236.5,-37.6,-6.3,179.93,-1.15,0.7
229.5,-30.4,-7.8,-179.89,-1.66,1.75
218.9,-13.4,-8.0,-179.11,-1.77,-0.53
246.9,-6.4,-6.1,-179.02,-1.75,-0.44
252.2,-23.5,-8.0,-179.07,-2.43,-0.09
218.2,-13.1,-7.6,-179.39,-1.57,1.31
192.9,10.0,-9.7,-179.24,-1.21,0.61
198.1,-19.3,-7.7,-179.52,-0.88,-0.26
211.8,-24.8,-8.0,-179.48,-1.14,-1.32
211.9,-27.1,-8.4,-178.74,-2.0,-0.35
225.9,4.1,-7.0,-179.24,-1.78,-0.53
251.5,-43.3,-4.6,-179.66,-1.73,-0.52
245.3,-51.9,-10.2,-179.61,-1.82,-1.23
245.0,29.0,-6.5,-178.86,-2.76,0.94
187.2,-22.3,-10.3,-179.55,-0.34,-0.96
193.5,20.5,-12.8,-177.77,-0.29,1.59
221.1,-51.6,-6.6,-179.95,-1.84,-0.96
220.6,-2.0,-9.4,-179.54,-1.69,1.31
244.0,-16.0,-5.0,-179.62,-1.89,0.0
251.4,-41.5,-5.1,-179.78,-2.18,-0.61
254.0,-33.7,-7.3,-179.75,-2.8,0.07
223.7,-9.1,-7.0,-179.79,-1.85,-0.44
217.0,-47.4,-10.3,179.89,-1.42,-2.11
231.9,-28.0,-9.2,-179.82,-2.19,-0.18
238.0,-32.0,-5.8,179.81,-2.59,0.08
207.0,-41.8,-6.0,179.65,-1.46,-1.05
209.2,-41.5,-10.3,-179.86,-1.93,-0.44
215.3,-41.4,-7.6,179.01,-1.6,0.35
207.6,-4.7,-8.1,-179.36,-2.01,1.22
255.0,-15.7,-7.0,-179.3,-2.54,-0.62
245.6,-47.5,-12.1,-179.23,-1.6,-1.67
202.3,-39.8,-9.3,-179.1,-1.76,0.52
245.0,13.2,-5.3,-179.35,-1.18,0.69
212.6,0.0,-7.9,-179.25,-1.51,0.0
202.7,-26.4,-11.7,-179.31,-1.56,-1.41
243.3,-0.5,-5.6,-179.26,-2.07,0.16
220.3,7.5,-5.0,-178.87,-2.86,0.5
207.0,-18.5,-8.7,-179.43,-1.22,-0.88
240.2,7.6,-8.8,-179.08,-2.1,0.07
202.7,17.5,-8.6,-178.97,-1.46,-0.71
238.1,-24.1,-6.4,-179.27,-2.1,-0.35
245.4,19.0,-8.9,-179.19,-1.76,0.07
246.4,-12.2,-8.7,-179.35,-2.73,-1.15
229.8,-47.4,-6.1,179.99,-2.02,-0.7
191.4,-44.9,-7.2,179.88,-0.71,0.79
213.0,-19.2,-8.2,179.98,-0.81,0.43
237.8,-3.3,-5.3,-179.83,-1.4,0.78
195.3,22.4,-9.8,-179.56,-1.34,0.34
233.3,-42.2,-6.0,179.93,-1.06,-0.61
240.6,-21.5,-8.9,-179.54,-3.04,-0.1
236.9,25.8,-9.9,-179.18,-2.79,0.23
189.0,-6.0,-10.3,-179.68,-0.91,-1.23
221.2,-2.5,-7.4,-179.73,-0.93,0.17
246.7,-21.2,-7.4,-179.6,-2.69,-0.27
230.7,-35.7,-9.7,-179.57,-3.22,-0.53
235.9,-41.6,-7.7,-179.63,-4.11,-0.89
225.6,8.4,-8.0,-179.83,-2.06,1.57
250.1,2.4,-9.2,-179.55,-2.61,-0.19
209.6,4.6,-8.7,-179.56,-1.52,-0.35
241.3,11.0,-8.3,-179.1,-2.57,-1.42
244.5,8.0,-6.3,-179.0,-2.63,-0.28
219.3,-16.9,-6.3,-179.41,-2.12,-0.8
239.0,-47.5,-5.5,-179.61,-1.55,-0.7
241.3,-19.8,-8.9,-178.73,-1.65,0.43
225.8,10.9,-7.2,-179.93,-2.94,0.67
196.1,21.9,-4.5,-179.72,-2.56,1.29
243.1,-36.2,-5.6,179.92,-0.63,-2.28
217.8,-38.3,-7.2,-179.78,-1.47,-1.58
188.6,20.6,-9.7,-179.2,-0.89,1.05
222.5,-41.9,-7.2,-179.2,-1.68,-0.44
250.5,15.4,-8.8,-178.09,-1.87,-0.09
210.9,-50.6,-7.7,-179.96,-1.67,-0.79
197.7,-22.3,-9.8,-179.69,-1.64,1.66
233.0,15.4,-6.4,-179.1,-0.72,0.87
221.4,-8.7,-10.9,-179.02,-1.55,-1.14
198.9,-36.2,-8.8,-179.58,-1.62,-0.35
237.1,-30.8,-3.9,-179.45,-2.05,0.08
210.6,22.8,-9.8,-178.75,-1.67,1.39
207.4,26.9,-9.7,-178.95,-1.45,0.6
212.7,-11.7,-9.0,-179.34,-2.18,-2.47
205.4,-34.9,-11.4,-179.25,-2.72,-1.85
198.2,-6.5,-11.9,-178.66,-2.35,0.25
216.6,-1.3,-11.1,-179.1,-2.11,0.25
200.1,9.7,-8.6,-179.65,-1.37,0.0
232.3,-45.3,-6.9,-179.75,-1.83,-0.35
208.2,18.6,-10.1,-178.9,-1.54,0.78
211.2,15.8,-9.8,-178.85,-1.9,-0.27
207.2,3.9,-7.9,-178.91,-1.94,-1.41
216.5,-32.3,-8.4,-179.0,-1.17,-1.14
203.4,12.4,-12.5,-178.8,-0.96,1.31
246.8,-27.6,-5.9,-179.97,-1.15,-1.32
207.4,-13.9,-9.1,-179.5,-1.59,-0.35
192.1,-44.2,-11.8,-178.88,-1.19,-1.05
190.7,4.8,-11.8,-179.08,-2.1,1.74
219.0,10.5,-9.8,-179.11,-1.74,0.43
243.0,-7.7,-5.7,-179.52,-1.6,-0.09
253.0,-6.2,-7.6,-179.43,-2.39,-0.27
186.7,-13.1,-10.1,-179.96,-0.8,0.52
240.5,-31.3,-6.1,179.89,0.07,-1.23
214.2,-2.6,-5.7,-179.51,-2.05,0.86
241.2,-39.1,-7.6,-179.7,-1.73,-0.88
195.9,-3.3,-7.2,-179.61,-0.61,-0.08
197.5,-40.1,-6.6,-179.9,-1.31,-0.96
207.0,7.6,-8.1,-179.44,-1.85,0.69
207.2,-0.5,-8.8,-179.33,-2.0,-0.8
229.7,6.4,-6.8,-179.33,-1.44,-0.88
223.6,-20.0,-7.2,-179.51,-1.51,-0.26
219.1,12.7,-6.7,-179.52,-1.69,1.48
210.0,-16.1,-10.6,-178.81,-1.15,-0.88
222.5,-13.6,-9.5,-179.4,-2.56,-0.1
203.1,-18.1,-7.8,-179.76,-2.56,-0.01
224.9,26.7,-6.9,179.77,-1.59,1.92
215.8,-28.1,-7.5,179.7,-2.37,-0.35
225.0,-21.7,-6.4,179.71,-1.83,0.52
215.0,-21.6,-8.7,-178.94,-2.11,-0.35
192.3,16.2,-9.9,-179.3,-1.61,0.6
250.0,1.5,-5.6,-179.58,-1.16,-0.7
229.4,14.4,-8.6,-179.24,-2.24,1.03
246.9,-4.6,-4.3,-179.61,-1.53,-0.18
210.4,-19.2,-9.0,179.57,-2.72,-1.06
242.5,-43.0,-9.1,-178.83,-2.0,-0.96
192.9,5.5,-10.2,-179.16,-1.18,-0.26
216.9,-7.2,-4.9,-179.3,-1.72,-1.41
248.4,0.4,-7.1,-179.27,-1.98,-0.44
227.4,-17.4,-7.0,-179.62,-2.34,-1.59
212.9,-45.4,-9.1,-179.9,-2.64,-0.88
254.2,22.4,-7.2,-178.02,-2.76,0.24
256.2,-5.5,-6.8,179.88,-3.41,-2.75
204.4,14.7,-5.0,-179.57,-2.09,1.3
244.9,-29.2,-7.4,-179.13,-2.89,-0.36
254.9,20.6,-9.7,-178.16,-2.54,0.95
256.1,18.5,-5.6,-178.03,-1.76,0.17
196.1,-33.6,-9.1,-179.53,-1.25,-0.35
201.9,23.3,-7.5,-178.95,-1.56,1.66
200.5,3.1,-8.8,-179.52,-0.29,0.0
233.3,-28.4,-5.9,-179.58,-0.37,-0.43
197.1,-14.9,-9.2,-179.34,-0.47,1.14
248.3,1.8,-7.9,-179.58,-1.25,0.87
194.1,-25.9,-8.9,179.43,-0.3,-0.96
242.7,-41.7,-2.5,179.41,-0.4,0.08
206.1,22.8,-10.9,-179.44,-2.05,1.83
233.2,23.6,-5.7,-179.49,-1.97,-0.18
232.7,-31.8,-9.7,-179.98,-1.95,-0.35
226.7,4.8,-9.8,-179.3,-3.0,1.2
201.5,-19.3,-8.8,179.76,-2.04,-0.62
210.5,-35.3,-7.7,179.53,-1.66,-0.61
237.1,-19.9,-5.9,179.75,-1.11,0.61
193.7,-38.4,-13.1,-179.32,-1.49,-1.32
207.9,-12.7,-11.2,-179.91,-2.6,0.77
204.6,-13.5,-14.1,179.36,-0.7,-0.17
218.5,-13.1,-7.5,179.81,-1.85,-0.18
217.7,-19.1,-6.1,179.77,-1.4,-0.53
204.2,-22.1,-11.1,-179.38,-0.76,-0.7
219.1,-52.0,-8.7,179.75,-2.92,-0.79
231.6,-21.2,-8.2,-178.95,-2.66,-0.36
238.1,-45.4,-10.3,179.56,-2.06,-0.53
219.7,-46.0,-7.8,-179.8,-2.27,-0.44
245.2,-51.0,-5.6,-179.39,-1.28,-0.79
215.4,-35.9,-7.5,-179.29,-1.78,1.57
200.2,3.0,-12.0,-178.19,-0.71,1.05
235.4,-7.3,-6.4,-178.88,-2.16,-1.06
198.0,-50.1,-9.4,-179.17,-1.42,-1.23
205.7,-41.0,-8.5,-179.24,-1.33,0.35
223.0,7.2,-7.3,-179.23,-1.22,0.34
251.3,-19.7,-5.9,-179.3,-2.1,-1.41
228.1,-48.8,-7.3,-179.8,-2.36,-1.05
206.7,12.7,-8.2,-179.32,-1.81,1.04
232.4,-4.3,-6.5,-179.54,-1.69,-0.27
200.0,-36.8,-6.4,-179.83,-1.13,-0.44
212.9,-50.5,-7.3,179.97,-0.88,-0.7
189.8,-43.5,-13.4,-179.88,-1.4,1.22
216.3,-40.6,-6.6,179.97,-2.82,1.31
236.8,-15.6,-5.8,179.89,-0.82,0.52
215.2,-23.3,-6.8,-179.88,-1.94,-0.35
202.7,10.2,-9.1,-179.95,-1.11,0.61
200.6,-35.4,-11.9,179.87,-0.9,-0.96
237.3,-1.6,-6.2,179.93,-1.83,0.52
241.7,-46.5,-5.5,-179.82,-2.98,-1.06
217.1,-26.5,-9.4,-179.41,-2.66,1.22
226.1,5.8,-6.4,-179.38,-0.55,1.66
236.3,2.4,-8.1,-178.84,-2.68,-0.19
215.5,-23.8,-10.5,-179.39,-2.11,-0.79
216.5,-45.4,-7.9,-179.61,-2.7,0.34
209.0,8.5,-8.3,-179.14,-2.02,1.57
199.7,-34.3,-10.3,-179.54,-1.79,-0.26
246.1,-1.2,19.0,179.35,1.46,0.43
242.5,23.1,-6.1,-178.99,-1.97,0.33
244.2,26.8,2.7,-178.36,-3.8,1.53
211.5,-37.2,-10.5,-179.98,-2.77,-3.96
189.4,-46.9,-11.1,-178.62,-1.96,-1.84
202.3,-24.5,-11.6,-178.68,-1.71,0.17
248.0,10.6,23.2,179.32,0.98,0.0
249.8,-20.8,-6.3,-178.89,-2.09,-2.9
228.8,15.1,-7.0,-178.97,-2.15,0.68
237.1,17.9,-5.3,-179.45,-1.3,0.69
200.2,-22.6,-13.3,-179.58,-1.34,-1.49
216.6,18.1,-10.1,-178.91,-2.5,2.08
211.0,-21.4,-6.9,-179.6,-2.25,-0.53
192.1,-25.5,-11.7,-178.81,-2.17,-0.79
229.2,-11.4,-6.7,-179.28,-1.64,0.96
199.8,11.5,-7.5,-179.51,-0.57,2.19
193.8,1.0,-9.6,-179.48,-0.65,-0.17
216.6,14.3,-7.2,-179.22,-1.58,0.43
251.7,-21.2,-5.3,-179.71,-0.57,-0.52
221.6,-44.4,-6.0,-179.72,-0.94,-0.79
217.1,4.6,-6.3,-179.5,-1.31,1.05
232.7,-36.9,-10.3,179.79,-1.97,-0.09
237.4,-17.1,-9.1,-178.6,-3.04,0.16
233.9,-21.4,-5.6,-179.32,-2.1,-0.62
229.7,-41.2,30.2,-179.62,-0.92,-1.14
218.9,-17.3,-12.0,-179.2,-1.27,0.61
198.4,1.5,-9.0,-179.16,-1.21,1.84
191.4,28.1,-11.9,-178.85,-1.59,2.18
230.0,-46.1,-8.4,-179.6,-2.25,-1.23
186.1,24.6,-10.1,-179.53,-0.75,1.14
215.3,-32.2,-7.6,-179.49,-1.52,-0.35
236.0,-16.3,-6.6,-179.2,-2.07,-0.35
245.4,21.8,-6.4,-178.78,-2.74,1.03
207.8,13.4,-10.9,-178.83,-1.99,-0.1
203.8,8.8,-10.0,-178.82,-2.74,-0.9
201.3,8.1,-11.5,-178.54,-1.78,-0.97
234.2,-19.9,-8.4,-179.56,-3.04,-0.63
216.0,-3.9,-7.3,179.86,-2.47,2.71
193.6,2.9,-13.1,-179.53,-0.86,2.01
231.6,-34.9,-6.5,179.75,-1.53,0.0
219.1,-35.9,-8.9,-179.41,-2.58,0.08
205.7,-37.4,-6.9,179.92,-0.8,0.26
220.4,21.5,-6.9,-179.6,-1.26,0.96
223.8,23.1,-7.1,-178.92,-2.22,0.51
220.3,-43.8,-6.6,-179.61,-1.63,-2.11
195.8,-31.6,-8.4,-179.57,-1.53,0.34
228.7,-14.8,-5.9,-179.53,-1.33,0.26
232.6,8.9,-6.4,-179.05,-1.81,0.25
192.1,-3.9,-7.5,-179.4,-1.0,0.34
209.5,-45.3,-7.8,-179.62,-1.01,-1.31
213.5,17.7,-7.4,-179.1,-1.34,0.69
246.4,-35.0,-5.4,-179.48,-1.26,-0.52
238.3,-48.2,-6.4,-179.47,-2.34,-0.53
223.9,-34.2,-9.5,-179.35,-2.31,0.25
219.6,-34.4,-7.2,-179.55,-3.22,-0.27
244.9,-42.0,-8.0,-179.99,-3.44,-0.88
212.6,2.2,-7.4,-179.77,-2.12,2.53
229.6,-23.1,-6.9,-179.77,-1.56,-1.23
216.6,23.0,-7.9,-178.71,-1.67,2.36
197.9,-15.7,-9.0,-179.23,-1.62,0.0
199.2,-4.0,-12.6,-179.26,-1.34,1.75
251.3,23.5,-5.9,-179.29,-1.52,1.13
229.4,0.3,-6.9,-179.12,-2.21,-1.24
242.2,26.7,-5.6,-179.51,-1.13,2.19
242.0,26.6,-6.2,-179.28,-1.79,2.18
250.3,-0.2,-7.4,-179.26,-2.34,-0.8
201.3,-28.5,-11.3,-179.05,-3.22,-0.27
203.5,-48.3,-6.5,-179.88,-2.45,-0.35
222.4,2.2,-7.1,-179.71,-1.01,1.66
241.5,-1.7,-6.0,-179.28,-1.99,-0.09
221.0,5.7,-12.0,-179.2,-2.05,1.48
218.2,-2.6,-7.0,-179.67,-2.01,-0.36
209.9,4.9,-7.7,-179.89,-1.16,1.05
243.2,-16.3,-5.6,-179.94,-1.06,-1.23
245.2,-15.2,0.5,-179.28,-3.71,-2.13
222.7,-39.9,-11.1,-179.2,-1.5,-0.52
223.5,-37.9,-9.0,179.85,-1.87,0.34
225.7,-5.8,-12.0,179.9,-1.74,0.52
245.0,14.5,-4.8,-179.62,-1.08,-0.53
211.2,-40.7,-9.7,-179.43,-2.22,-1.58
200.4,-21.6,-6.6,-179.54,-1.79,0.6
243.0,11.3,-8.5,-179.43,-2.76,0.94
248.5,-27.5,-5.7,179.87,-2.06,-0.26
201.8,-15.4,30.4,179.76,-0.95,1.49
211.6,-13.0,27.3,179.55,0.0,1.49
212.1,21.9,-11.1,-179.65,-1.75,0.78
247.4,26.3,-5.7,-179.39,-1.55,-0.35
222.4,-33.7,-6.7,-179.78,-1.47,-0.7
204.6,-36.1,-8.4,-179.8,-1.3,-0.7
202.8,22.7,-11.8,-179.59,-1.16,1.31
249.0,27.6,-6.5,-179.31,-1.99,-0.18
194.1,-41.7,-9.1,-179.86,-1.84,-0.44
229.8,10.1,-6.0,-179.95,-0.44,1.14
208.7,-30.3,-11.7,-179.86,-1.31,-0.61
248.7,-24.4,-8.6,-179.88,-2.74,-0.71
250.1,18.3,-8.7,-179.61,-2.36,1.21
220.9,-44.1,-7.8,-179.27,-1.77,-1.4
229.7,8.0,-9.4,-178.91,-2.34,2.97
228.9,-9.1,-6.2,-179.22,-2.07,0.07
206.1,-48.0,-8.9,-179.54,-1.37,0.0
213.4,-8.3,30.2,-179.22,-1.52,0.0
188.7,0.0,-13.0,-178.8,-0.8,0.79
242.7,-47.1,-6.0,-179.87,-1.4,-1.14
209.8,-5.7,-8.2,-179.33,-2.0,0.07
222.5,-25.3,-10.0,-179.11,-1.79,-1.23
203.2,-16.2,-8.4,-179.48,-1.95,1.13
241.9,0.0,-5.9,-179.37,-1.01,0.61
206.1,-45.5,-7.8,-179.5,-1.36,-1.05
226.8,12.9,-6.9,-179.03,-1.99,0.33
237.4,-6.1,-4.7,-179.37,-2.1,-0.27
192.4,-22.2,-3.1,-179.24,-2.8,-0.89
236.8,3.8,-6.5,-179.46,-1.58,0.6
228.9,-9.1,-9.2,-179.55,-2.06,-0.71
219.8,9.7,28.3,-179.8,-1.41,0.87
230.5,19.6,-5.7,179.9,-0.5,0.7
207.0,-37.0,-8.2,179.88,-1.08,-0.7
246.8,-22.4,-5.8,179.87,-0.9,0.52
241.2,-36.8,-9.8,-179.98,-2.12,-1.14
230.7,-4.5,-5.6,-179.56,-0.97,0.43
216.5,-33.1,-7.3,-179.24,-1.48,-0.44
245.1,-8.0,-8.1,-179.03,-1.85,0.08
196.3,-5.8,-9.4,-179.46,-0.57,0.43
213.9,5.1,-7.5,-179.26,-1.32,-0.26
210.1,-30.2,-5.5,-179.66,-0.83,-1.49
240.2,-16.3,-5.2,-179.67,-0.74,0.08
247.6,8.9,-6.8,-179.14,-2.58,0.42
204.2,5.0,-9.2,-179.51,-1.6,-0.27
197.5,-43.2,-8.6,179.89,-1.34,-0.7
192.6,-35.1,-10.7,179.89,-1.25,1.14
224.0,-35.1,-6.4,179.69,-0.39,-0.08
238.9,-45.5,-6.2,179.86,-2.74,-0.18
202.0,-6.7,-7.4,-179.94,-1.25,1.66
233.3,-42.6,-6.3,-179.99,-1.85,-0.53
213.0,20.5,-6.9,-179.43,-1.94,1.48
208.1,-21.5,-11.3,-179.18,-1.26,-0.7
252.8,-28.1,-9.1,179.79,-2.25,-0.09
203.6,-29.4,-10.2,-179.41,-1.77,-0.44
194.5,-3.0,-9.1,-179.51,-1.59,1.22
188.1,26.8,-10.3,-179.88,-0.23,0.87
251.0,-11.3,-5.6,-179.65,0.08,-1.4
236.2,24.5,-5.9,-178.72,-2.62,0.68
241.0,21.1,-5.3,-179.01,-1.6,-0.53
222.8,-34.7,-9.2,-179.2,-2.36,-1.06
253.2,-38.9,-7.5,-179.5,-2.24,-0.35
249.2,9.7,-10.0,-179.12,-3.13,1.38
205.3,-15.5,-12.0,-179.55,-0.7,0.0
229.0,-47.0,-5.8,-179.84,-1.83,-0.7
247.6,-19.8,-8.0,-179.59,-1.8,0.34
185.7,-7.8,-10.2,-179.91,-0.89,0.78
195.3,-24.9,-13.0,-179.53,-0.43,-1.93
195.4,-12.4,-10.0,179.37,-1.43,0.96
205.0,25.0,-9.1,179.95,-2.04,0.95
219.5,24.8,-6.6,179.73,-1.36,-0.35
216.9,-28.6,25.0,179.71,-0.4,0.08
194.1,-51.8,-9.7,-179.53,-1.55,-0.88
227.7,22.7,-10.1,-178.87,-1.73,1.13
232.3,-37.8,-6.4,-179.44,-2.14,-1.41
223.6,-48.9,-10.5,-179.67,-1.82,-0.88
204.5,-29.7,-9.0,-179.66,-1.63,1.05
232.5,12.5,-8.4,-178.84,-2.3,0.07
202.1,3.5,-8.9,-179.26,-1.88,0.51
201.5,-8.7,-12.4,-178.99,-2.08,-1.41
189.3,-1.3,-11.5,-179.29,-2.17,1.3
249.3,2.1,-5.5,-179.77,-0.48,-0.52
196.7,-29.5,-9.5,-179.75,-0.84,-0.61
238.0,-46.6,-5.6,-179.84,-0.78,-0.52
226.2,-25.2,-11.1,-179.51,-2.14,1.48
193.7,-30.6,-9.2,-179.99,-1.86,1.66
227.4,-33.1,-6.5,-179.91,-1.23,-0.52
250.0,8.4,-4.8,-179.65,-1.17,0.08
204.4,10.6,-12.1,-179.6,-1.82,0.6
245.6,-55.7,-10.1,179.85,-2.2,-1.32
231.0,-24.1,-6.8,-179.92,-2.39,-0.27
207.6,-39.9,-8.3,179.98,-1.41,-0.08
187.9,-37.1,-13.3,-179.31,-1.24,1.05
248.2,-7.7,-5.7,-179.63,-1.8,1.48
250.2,-46.9,-4.9,-179.75,-2.18,-0.26
237.1,6.3,-7.4,-178.89,-2.61,1.12
239.9,14.7,-8.9,-178.93,-1.77,-0.09
249.7,-37.2,-7.5,-179.23,-2.83,-0.44
220.5,-18.4,-6.0,-179.06,-2.59,1.21
233.4,-19.6,-9.6,-178.93,-1.41,0.17
240.9,-3.2,-7.9,-178.88,-2.89,-0.1
231.7,7.9,-6.5,-179.19,-2.51,0.15
230.4,-20.8,-8.5,-179.49,-2.13,-2.47
217.2,-23.3,-7.4,-179.42,-2.12,-2.03
209.6,11.3,-12.3,-179.08,-0.98,0.87
195.0,2.3,-10.3,-179.51,-2.9,0.06
220.9,20.1,-8.6,-179.45,-2.14,0.68
200.6,-20.5,-10.5,-179.46,-2.31,-0.45
232.7,-6.1,-8.2,-178.99,-2.82,-0.28
220.2,-25.6,-7.7,-179.59,-3.05,-0.8
200.1,4.6,-8.6,-179.29,-1.8,0.95
225.5,26.8,-6.9,-179.36,-0.88,1.14
219.4,1.4,-11.2,-178.3,-0.92,-1.4
187.2,4.4,-10.3,-179.59,-0.59,0.78
191.3,-41.8,-9.7,-179.33,-1.06,-0.7
211.9,19.5,-10.0,-178.24,-1.11,1.14
221.2,-47.7,-6.9,-179.54,-2.34,-0.7
223.8,19.8,-11.4,-179.39,-1.36,0.96
239.0,-53.1,-4.9,-179.76,-2.0,-1.67
228.7,-25.6,-8.7,-179.19,-1.83,1.05
254.3,-35.9,-7.4,-179.24,-2.74,-0.27
199.5,-18.4,-11.6,-178.53,-1.64,0.0
193.6,1.0,-9.1,-179.72,-0.74,-0.7
191.8,13.9,-12.4,-178.77,0.05,-0.69
231.4,-13.9,-6.7,-179.46,-1.4,-1.76
190.8,-22.5,-12.6,-178.78,-1.23,-1.67
204.2,-33.9,-8.4,179.76,-1.99,0.0
250.6,14.0,-5.6,179.93,-1.3,0.96
199.6,19.0,-4.0,-179.4,-2.51,0.85
202.2,20.2,-9.0,-179.57,-2.11,0.86
195.0,3.4,-12.0,-178.62,-1.35,-1.32
239.1,-11.2,-6.5,-179.87,-2.13,0.0
223.0,-24.6,-12.4,-179.86,-0.69,-0.79
209.3,-49.0,-7.4,179.47,-2.07,-0.79
229.8,-27.7,-6.3,179.93,-0.72,0.43
243.5,-7.9,-5.7,-179.57,-1.07,0.52
202.6,-45.7,-9.6,-179.28,-1.77,-1.14
187.7,-22.6,-13.7,-178.91,-0.95,1.31
240.9,-44.5,-8.6,-179.02,-2.91,-0.79
224.1,7.2,-7.1,-179.06,-1.72,0.0
254.6,-46.1,-8.3,-179.6,-2.34,-1.41
246.7,20.1,-9.0,-178.71,-2.24,-0.54
248.0,-21.7,-8.0,-179.56,-2.33,-2.82
244.4,-45.2,-9.0,-179.31,-3.01,-2.03
201.4,-15.7,-11.4,-179.26,-1.08,-0.61
224.9,15.4,-4.9,179.07,-0.53,-0.17
188.3,-8.2,-12.0,-179.84,-1.52,-1.76
222.5,10.2,-8.5,-178.97,-2.71,0.15
225.3,13.2,-7.5,-179.09,-2.75,-0.19
224.5,-25.3,-6.9,-179.66,-1.36,-0.53
197.3,-24.7,-7.6,-179.62,-1.89,0.16
243.9,12.0,-5.5,-179.62,-0.62,0.7
232.1,-27.4,29.0,-179.71,-0.66,-0.44
205.6,-8.0,-8.2,-179.41,-1.57,1.13
247.3,-28.0,-8.5,-179.53,-1.79,-0.97
208.9,-0.9,-9.4,-179.04,-1.81,-0.71
242.5,-48.3,-6.0,-179.51,-1.81,-0.79
238.4,-18.5,-9.8,-179.86,-2.03,-0.18
188.3,26.6,27.1,-179.72,0.23,0.96
235.1,9.9,-9.0,-179.5,-1.22,-0.35
209.0,0.8,-8.9,-179.27,-1.61,-0.53
223.2,1.4,-7.8,-178.92,-2.06,0.25
204.3,-19.3,-10.9,-178.7,-1.68,-0.7
228.3,-43.8,-6.9,179.86,-1.25,-0.79
229.6,10.1,-9.1,-178.85,-2.02,-0.27
201.7,-25.9,-5.9,-179.63,-3.06,-0.71
225.2,7.7,-11.2,-179.49,-2.33,-0.19
197.7,-6.9,-9.1,-179.59,-2.73,-0.72
194.0,-8.0,-7.8,179.94,-1.3,-0.35
202.3,-40.4,-8.7,179.64,-0.74,0.0
237.6,23.7,-6.3,179.96,-0.94,1.22
218.8,-0.4,21.7,179.32,1.25,-0.97
210.5,-16.1,-7.7,-179.64,-1.45,-0.7
244.0,17.4,-7.0,-179.07,-2.19,0.51
205.1,-31.0,-6.5,-179.56,-1.43,-1.14
238.0,-36.7,-5.7,-179.43,-1.7,-0.53
239.7,-2.8,-6.2,-179.17,-1.97,1.48
193.8,-37.9,-10.2,-179.37,-1.95,-0.26
212.6,-48.1,-5.7,-179.32,-1.97,-0.17
224.9,16.6,-7.4,-178.87,-2.01,-0.01
213.8,-3.4,-11.1,-179.0,-2.26,-1.33
254.0,14.3,-7.3,-179.12,-3.04,0.06
205.4,-1.2,-9.2,-179.68,-1.56,0.08
212.4,-18.9,-8.5,-179.58,-2.33,0.07
246.7,-28.6,-5.6,-179.78,-1.47,0.08
225.4,-2.6,-6.5,-179.63,-1.44,1.31
248.4,-9.4,-5.4,-179.4,-1.84,-0.09
190.8,-42.4,-9.7,-179.6,-1.1,-0.61
204.2,-23.9,-9.2,-179.24,-1.55,0.08
241.3,-48.2,-6.1,-179.41,-0.83,-0.61
250.9,14.2,-8.0,-179.13,-2.39,-0.1
206.5,-37.4,-7.5,-179.89,-0.69,-1.05
234.4,-27.7,-5.9,-179.78,-0.23,0.43
248.6,-7.7,-5.8,-179.18,-2.16,1.04
217.5,-38.3,-12.6,-178.89,-2.14,-1.67
249.8,19.2,-6.3,-178.27,-2.28,-0.36
218.4,-17.0,-6.1,-179.55,-0.7,-1.4
246.4,0.0,-4.7,-179.37,-1.38,0.43
193.6,25.1,-9.0,-179.34,-0.75,0.78
243.1,-15.3,-7.3,-179.3,-2.01,-0.44
199.8,-8.4,-8.6,-179.79,-1.12,1.4
195.9,17.1,-9.0,-179.76,-0.75,0.0
252.9,-32.5,-8.2,-179.65,-1.19,-0.79
241.2,-3.0,-6.8,-178.75,-2.67,-0.36
221.5,31.1,-8.3,-178.72,-1.65,1.22
237.0,-33.2,-6.2,-179.33,-2.21,-0.62
205.6,-14.4,-11.6,-179.37,-1.21,1.49
237.1,14.0,-5.6,-179.39,-1.0,0.7
222.8,-39.5,-6.5,-179.51,-1.8,-0.79
250.1,0.5,-4.9,-179.5,-0.96,1.66
244.0,-40.6,-9.7,-179.66,-1.37,-1.23
221.4,-5.3,-7.6,-179.57,-2.34,0.77
208.3,-29.5,-7.3,-179.96,-1.15,-0.79
241.7,-29.6,-5.7,-179.7,-1.82,-1.14
205.6,-28.6,-8.6,-179.9,-0.6,0.61
232.4,-42.7,-6.1,-179.76,-0.59,-0.35
217.4,-37.4,-9.0,-179.4,-2.41,1.22
202.8,-39.0,-11.4,-179.33,-1.25,0.7
244.9,-24.1,-9.3,-179.29,-2.29,0.6
220.3,30.6,-6.2,-179.21,-1.38,1.31
220.7,-27.1,-6.0,-179.49,-1.24,-1.32
206.6,-0.6,-12.1,-178.82,-1.11,0.34
248.8,-35.9,-5.7,-179.98,-1.67,-0.26
233.0,7.4,-8.5,-179.24,-1.97,1.3
244.5,3.2,-6.0,-179.03,-2.37,-0.54
205.6,-19.2,-10.1,-179.2,-2.43,0.25
195.6,5.0,-10.0,-179.23,-1.3,-0.09
192.9,-39.4,-12.7,-179.37,-1.33,-0.79
247.7,-44.6,-9.9,-179.94,-1.84,0.08
235.8,-39.7,-10.8,-179.76,-2.44,0.34
187.4,8.1,-9.5,-179.66,-0.81,0.17
205.1,16.3,-9.6,-179.04,-2.26,-0.28
214.2,-51.0,-6.3,-179.81,-2.01,-2.02
232.2,17.5,-6.2,-179.36,-1.73,-0.09
244.4,-15.1,-6.4,-179.56,-1.61,-0.7
245.0,-12.9,-3.0,-179.3,-2.9,-1.42
204.7,20.4,-4.9,-179.4,-1.46,1.66
215.1,5.0,-9.0,-179.25,-1.88,-0.71
226.2,12.8,-10.7,-179.47,-1.77,0.34
251.8,-38.0,-6.6,-179.66,-2.43,0.08
249.7,-44.0,-6.7,-179.77,-2.36,-0.97
239.6,19.7,-9.5,-179.66,-1.74,0.6
194.8,-28.7,-13.0,-179.08,-0.52,-1.4
228.9,2.5,-6.9,-179.75,-2.03,-0.01
204.4,-47.6,-11.6,-179.15,-1.42,-1.14
250.0,24.9,-5.5,179.76,-1.95,0.86
218.0,-36.2,-4.8,-179.99,-2.48,-0.97
210.0,-37.9,-11.3,-179.32,-1.58,-1.32
241.1,5.4,-5.1,179.75,-2.15,1.92
204.4,2.5,-9.3,-179.84,-1.89,0.78
235.8,-37.5,-6.2,-179.73,-1.56,-0.17
248.2,24.4,-6.2,-179.13,-1.83,-0.01
189.4,2.4,-9.8,-179.3,-0.86,-0.08
234.4,-41.7,-6.0,-179.64,-0.04,-1.58
244.7,-42.4,-24.2,179.97,-6.2,-1.97
251.3,-13.6,-6.5,-179.34,-1.93,0.25
202.6,-13.5,-8.5,-179.49,-1.23,-0.17
246.1,-53.1,-7.5,-179.69,-1.82,-1.75
230.0,-27.1,-10.0,-179.15,-1.91,-0.09
214.9,-1.9,-6.8,-179.92,-1.17,0.17
216.2,-1.5,-8.2,-179.8,-1.59,0.16
203.7,-23.6,-8.6,-179.75,-1.92,-1.14
220.6,-51.8,-10.8,-179.79,-1.83,-0.61
241.0,18.7,-8.5,-178.87,-2.39,0.07
232.8,-41.3,-8.1,-179.44,-3.47,-0.71
203.3,-0.3,-6.3,-179.36,-1.08,0.0
186.5,-43.3,-10.0,-179.61,-0.21,-1.14
213.4,3.7,-4.0,-179.5,-0.39,0.7
246.7,-22.8,-4.7,-179.66,-0.38,-0.35
250.6,-16.8,-6.0,-179.35,-2.02,0.16
236.5,-41.6,-8.9,-179.44,-2.5,-1.23
239.8,-35.6,-5.7,-179.66,-2.17,0.17
201.4,2.0,-9.5,-179.4,-1.56,1.04
223.6,-44.3,-7.2,-179.73,-1.56,-1.4
217.3,6.1,-7.3,-179.7,-0.73,2.89
242.8,-33.8,-8.7,-179.68,-1.64,-0.88
190.5,-1.7,-9.9,-179.7,-0.92,1.22
240.0,25.8,-5.5,-180.0,0.0,0.7
250.5,-5.9,-5.4,-179.46,-1.86,-0.09
251.4,-20.2,-4.8,-179.71,-1.01,-1.14
222.5,-52.2,-9.9,-179.47,-2.43,-1.14
187.1,-9.8,-10.0,-179.77,0.16,-0.17
205.9,-46.3,-8.4,-179.61,-1.28,-0.7
206.4,17.8,-11.2,-179.05,-1.42,1.13
235.4,6.1,-6.5,-179.2,-1.68,-0.18
204.2,0.0,-3.8,-179.22,-1.59,0.69
241.9,-46.3,-5.8,-179.79,-0.33,-0.08
209.0,-22.7,-11.3,-179.36,-1.58,1.4
212.2,10.2,-9.1,-179.14,-2.49,1.21
238.4,19.5,-5.8,-179.55,-0.96,0.0
212.6,4.8,-2.4,-179.0,-2.81,-0.9
209.9,-37.9,-8.1,-179.84,-1.13,-0.61
199.1,-15.4,-9.1,-179.87,-0.51,0.7
222.4,4.9,-7.1,-179.63,-1.17,0.61
204.2,-41.7,-12.9,-179.5,-1.08,-1.4
242.6,-16.4,-5.7,179.86,-2.08,0.34
194.8,14.6,-8.8,-179.46,-2.63,0.59
217.2,20.1,-10.2,-179.05,-1.79,-0.62
216.9,8.1,-8.0,-179.54,-2.56,-2.48
251.0,-30.3,-5.2,179.66,-1.74,-1.67
211.5,26.7,-9.6,-179.47,-1.4,0.6
235.4,-36.5,-5.7,179.48,-1.94,-1.49
252.2,23.2,-5.2,179.91,-1.61,0.43
234.2,23.7,-5.8,179.83,-1.28,0.69
236.2,24.6,-7.1,-179.74,-2.15,0.68
228.1,-42.3,-10.4,-178.88,-2.7,-1.5
191.0,-40.8,-10.2,-179.83,-1.39,0.08
248.3,-15.0,-6.0,-179.9,-1.5,1.05
204.8,-47.6,-6.7,-179.98,-1.85,-1.32
252.7,26.3,-5.7,-178.7,-0.74,0.26
197.8,-48.8,-7.7,179.19,-1.5,-2.02
252.3,-6.6,-5.0,179.3,-0.51,0.26
253.9,-46.4,-8.7,-179.99,-1.32,-0.26
228.0,-6.9,-9.8,179.48,-1.93,0.78
248.5,-43.9,-8.2,-179.06,-2.2,-1.49
241.8,-36.7,-7.6,-178.92,-3.59,0.34
203.3,-40.2,-7.5,-179.24,-2.83,0.25
252.3,-43.5,-4.3,-179.61,-0.31,-1.75
187.1,-23.7,-10.0,-179.46,-0.43,1.4
222.6,-33.7,-6.4,-179.61,0.33,-2.28
224.4,13.8,-7.0,-178.75,-1.59,-0.53
247.0,25.2,-5.6,-178.87,-2.02,0.25
227.1,18.1,-7.9,-178.66,-2.59,0.33
237.9,13.3,-5.9,-178.78,-1.9,-0.62
198.7,-5.0,-12.2,-178.14,-0.87,-1.22
200.2,-19.8,-12.5,-179.2,-1.17,0.08
202.6,8.5,-9.6,179.69,-1.78,1.39
231.3,-10.5,-7.0,-179.91,-2.06,-1.23
201.5,-23.0,-12.0,-179.21,-1.89,-1.14
205.2,-22.1,-10.6,179.63,-3.03,0.42
234.8,-16.5,-6.5,179.44,-1.64,0.0
203.1,26.8,-5.1,-179.98,-2.2,1.82
249.1,-35.0,-5.6,-179.95,-1.05,-0.88
194.0,-25.5,-9.2,-179.92,-0.88,0.87
195.9,-4.2,-12.3,-178.21,-1.16,-1.22
238.7,-52.4,-7.5,-179.72,-2.35,-1.84
247.7,-8.2,-8.1,-179.26,-3.07,-0.45
223.6,-15.3,-6.0,-179.8,-1.94,-0.79
251.0,-50.2,-5.3,-179.2,-1.26,-1.05
216.5,19.2,-10.5,-178.91,-1.92,-0.54
194.9,-21.2,-7.4,-179.8,-1.03,-2.9
216.9,-8.6,-10.0,-178.65,-1.54,-1.05
190.9,-28.1,-13.5,-179.82,-1.22,-1.32
249.8,-13.9,-7.2,-179.13,-2.51,0.07
197.9,27.0,-10.8,-179.65,-0.51,1.05
201.2,7.0,-12.2,-179.58,-1.25,-1.58
227.7,11.2,-3.0,-179.4,-3.15,-1.17
237.7,-38.7,-8.1,179.98,-2.21,-0.35
243.2,-44.2,-7.1,-179.81,-2.98,-0.71
242.3,-43.5,-6.3,-179.85,-2.72,-0.09
196.7,-19.7,-10.4,-179.43,-1.4,0.87
252.0,4.8,-5.6,-179.49,-1.59,0.96
255.1,-43.0,-7.2,-179.58,-2.87,-0.26
219.9,-26.0,-6.9,-179.63,-1.27,1.31
218.7,-47.5,-7.2,-179.52,-2.16,-1.32
192.3,7.8,-10.6,-178.99,-2.15,0.68
251.1,-7.5,29.5,-179.43,-0.86,-0.26
198.1,-25.1,-9.9,-179.28,-1.19,-1.49
239.8,-21.7,-6.4,-179.34,-1.66,0.0
244.2,1.2,-7.8,-179.08,-2.67,1.74
188.9,-13.9,-8.5,-179.76,-0.21,0.7
239.9,-13.4,-5.7,-179.69,-0.46,-2.46
205.3,-5.1,-12.1,-179.21,-1.14,0.52
247.5,-25.0,-8.6,-179.95,-2.31,-0.88
222.1,3.1,-6.8,-179.88,-1.89,0.69
231.3,6.1,-8.9,-179.41,-2.76,0.24
230.7,-6.9,-9.8,-179.28,-1.26,-1.4
204.0,-48.4,-6.9,179.64,-2.94,-0.62
191.2,-49.8,-13.2,-179.71,-1.29,-0.79
209.1,0.0,-9.0,-179.34,-2.09,0.25
253.4,21.0,-7.9,-179.19,-1.86,0.78
250.6,19.5,-7.5,-178.64,-2.6,0.06
249.7,20.3,-5.7,-179.19,-2.51,-0.37
236.2,-6.6,-6.3,-179.24,-2.89,-2.3
198.0,-8.3,-6.2,-179.54,-1.88,0.0
187.5,10.2,-12.6,-179.74,-1.6,1.48
225.1,-8.2,-8.0,179.98,-1.64,-0.62
250.7,-9.7,-8.0,-179.91,-2.41,-0.09
192.9,8.4,-10.9,-178.89,-3.43,1.1
231.6,-34.8,-8.0,-179.63,-2.08,-0.35
229.1,-34.7,-8.3,179.76,-3.57,-0.1
255.1,-19.5,-6.3,179.97,-1.96,0.43
218.0,-33.0,-7.8,179.92,-1.79,-0.61
221.4,-6.5,-10.0,-179.25,-1.53,0.69
229.3,-32.4,-7.0,-179.22,-2.1,-1.06
235.8,-46.4,-8.4,-179.3,-2.15,-0.35
193.2,15.0,-9.5,-179.22,-0.9,0.0
230.6,-29.4,-9.8,-179.53,-2.14,-1.32
191.7,0.0,-10.2,-179.91,-0.24,0.79
202.4,-30.9,-8.6,-179.7,-1.1,-1.32
198.2,-36.9,-8.3,-179.83,-0.5,-0.61
186.7,17.4,-10.4,-179.47,-0.72,0.52
203.4,-21.5,-10.5,-179.28,-2.27,-1.24
249.2,13.4,-5.7,-179.46,-0.84,0.43
233.6,-20.8,-5.4,-179.58,-1.17,-0.96
216.5,-14.5,-10.6,-179.48,-1.5,0.69
208.2,19.0,-8.9,-179.13,-2.68,-0.29
247.6,13.0,-6.4,-179.24,-2.43,-1.33
246.3,-26.3,-6.8,-179.39,-3.01,-0.98
241.9,-51.5,-7.7,-179.75,-2.53,-0.79
186.3,5.4,-10.1,-179.78,-0.29,0.08
217.7,-10.5,-7.9,-179.3,-1.27,-0.44
222.5,6.7,-6.8,-178.94,-1.77,-0.18
192.9,-5.2,-9.7,-179.05,-1.44,-0.88
210.9,13.2,-8.1,-178.94,-1.29,0.08
228.0,4.2,-6.0,-179.16,-1.48,-0.26
202.1,-28.5,-12.8,-179.19,-1.36,-1.32
241.3,0.4,-5.9,-179.31,-1.81,-0.18
224.3,-17.9,-7.8,-179.05,-2.22,-0.88
242.0,13.4,-5.9,-179.04,-2.09,0.33
226.2,1.9,-10.9,-179.52,-1.78,-0.88
253.0,10.4,29.4,-179.79,-0.94,-0.79
234.4,-0.7,-8.2,-179.13,-2.4,-0.45
230.5,20.4,-8.1,-178.6,-3.14,1.28
214.9,-8.4,-4.5,-179.02,-2.83,-0.72
199.6,24.2,-12.0,-178.91,-1.53,0.6
193.5,15.4,-10.1,-179.17,-1.16,-1.05
205.3,-3.6,-8.4,-179.55,-1.33,-1.41
196.6,-26.9,-10.5,-179.64,-1.72,-0.79
228.0,-20.7,-7.5,-179.41,-1.58,-0.53
242.2,14.9,-8.8,-179.02,-2.26,-0.45
244.8,-22.2,-7.8,-179.44,-3.2,-0.1
203.2,-8.9,-9.1,-179.06,-3.75,1.63
247.9,14.5,-5.8,-179.22,-1.87,0.6
197.9,-21.7,-9.5,-179.38,-1.02,-1.4
213.9,-42.3,-7.3,-179.53,-1.1,0.0
248.3,-16.0,-5.6,-179.52,-0.18,0.79
211.4,-20.5,-10.8,-178.79,-1.55,0.34
240.2,-22.1,-7.9,-179.38,-2.2,-1.32
222.9,-8.4,-6.6,-179.58,-1.7,0.69
241.5,-42.4,-6.2,-179.79,-2.18,-0.35
207.3,6.3,-9.4,-179.74,-1.67,1.92
249.5,-47.1,-5.4,179.96,-2.11,-0.09
224.3,16.7,-5.8,-179.62,-1.35,1.48
241.4,-31.1,-5.6,-179.71,-2.0,-0.35
208.4,20.7,-5.4,-179.37,-1.55,1.48
222.4,-8.2,-7.3,-179.36,-2.28,-1.15
201.8,-27.4,-8.7,-179.6,-1.62,-0.18
244.5,2.8,-5.2,-179.13,-2.22,0.69
187.6,-40.1,-9.8,-179.49,-1.17,0.0
247.8,3.1,-6.3,-179.17,-1.78,0.87
233.3,-47.2,-9.1,-179.0,-2.99,-1.67
187.7,7.6,-10.0,-179.37,-0.6,-0.17
215.3,-1.0,-7.7,-179.32,-1.25,-0.88
246.2,-29.5,-6.6,-179.46,-1.78,-0.53
231.5,-2.9,-8.9,-179.25,-2.26,1.21
206.3,-9.3,-8.3,-179.72,-1.47,1.4
225.0,-9.3,-5.9,-179.76,-1.3,0.08
192.7,10.8,-10.0,-179.52,-1.42,0.69
251.2,6.3,-7.3,-179.33,-2.55,-0.45
212.6,-49.5,-7.3,179.69,-1.78,-0.61
226.8,-23.2,-6.9,-179.65,-1.9,0.08
192.5,16.2,-6.6,-179.75,-0.56,0.7
191.9,-29.1,-7.5,-179.59,-1.17,-0.7
191.2,0.3,-13.2,-179.46,-1.02,0.52
241.5,5.1,-5.8,-179.44,-1.85,-0.36
231.0,-4.9,-9.7,-178.54,-1.7,-0.35
241.1,-8.1,-5.2,-179.61,-2.79,0.24
216.3,-1.8,-10.5,-179.69,-2.1,1.3
195.2,-7.9,-11.9,-179.7,-2.74,1.38
207.0,-5.0,-12.8,-179.68,-1.37,0.08
207.3,-4.5,-13.6,178.35,-0.94,0.62
219.8,-24.9,-10.0,-179.0,-2.93,-2.21
220.4,20.7,-6.6,-179.51,-1.69,0.25
191.4,19.6,-12.5,-179.32,-1.04,0.34
242.6,15.2,-7.5,-179.47,-2.79,-0.63
240.1,1.3,-6.1,-179.63,-3.1,-0.63
213.1,0.2,-5.1,179.94,-1.66,1.04
242.2,-0.8,-7.0,-179.52,-2.69,-0.54
221.0,-41.9,-10.4,-179.29,-3.1,-0.88
231.6,-4.8,-9.5,-179.8,-2.3,1.13
224.8,-23.6,-7.8,179.93,-1.89,-0.97
204.8,-16.1,-11.0,-178.79,-1.8,1.04
248.2,13.8,-5.5,-179.94,-2.47,0.24
218.3,-46.7,-6.1,179.47,-1.64,-1.67
255.1,-5.2,-5.0,-179.84,-2.3,0.6
219.9,-42.5,-7.8,-179.89,-2.46,-0.97
188.7,23.7,-9.2,179.96,-0.58,3.42
230.8,-20.3,-6.7,-179.54,-1.43,-0.09
219.8,17.4,-9.3,-178.91,-2.22,1.39
195.5,-0.1,-11.3,-178.75,-2.82,-0.11
195.0,-26.3,-12.4,-179.17,-1.89,-0.35
238.8,-40.9,-6.4,-179.46,-1.8,-0.44
251.1,-16.8,-8.7,-179.38,-2.29,0.07
222.5,-21.9,-3.9,-179.23,-3.61,0.15
192.3,-17.8,-10.3,-179.73,-1.83,0.34
239.7,-16.8,-6.5,-179.36,-2.2,-0.44
203.5,-14.5,-8.3,-179.56,-1.52,1.22
204.3,-14.3,-9.1,-179.38,-1.84,0.6
238.3,24.6,-6.4,-179.05,-1.52,0.78
247.4,-18.0,-5.1,-179.31,-1.21,-0.35
249.3,-17.3,4.2,-178.25,-4.4,-0.38
234.9,-20.5,-7.4,-179.24,-2.53,-0.36
245.3,-45.0,-5.3,-179.7,-2.53,-0.44
211.1,-50.8,-7.1,-179.87,-1.84,-0.44
213.6,-44.6,-8.1,-179.93,-2.11,1.05
233.9,19.9,-5.8,-179.35,-2.0,0.25
244.6,-22.0,-7.1,-179.62,-2.79,-1.33
220.3,13.0,-3.9,-178.97,-3.73,0.83
200.0,-13.3,-11.8,-179.94,-1.17,-0.88
241.6,-50.7,-7.6,179.82,-2.56,-0.88
226.4,-23.0,-10.2,-179.33,-1.66,-0.26
205.1,25.8,-5.0,-179.34,-3.36,0.92
205.6,14.2,-9.4,-179.73,-2.65,-0.81
208.1,-36.9,-9.5,179.57,-2.63,-0.53
237.0,-5.6,-5.6,179.6,-0.63,0.79
192.4,8.6,-7.2,-179.97,-1.3,1.04
219.5,18.8,-7.1,-179.54,-2.17,0.86
221.0,-17.0,-4.8,179.87,-1.3,-1.84
192.6,-12.2,-8.4,179.87,-1.21,0.26
221.9,-32.7,-6.2,179.59,0.29,-0.87
251.9,-34.3,-7.9,-179.86,-1.57,-1.23
251.4,-33.6,-4.9,-179.61,-2.78,-1.06
238.8,-5.0,-8.3,-178.9,-2.0,0.95
244.3,27.4,-6.1,-179.22,-2.05,0.68
195.0,-2.0,-12.6,-179.64,-0.99,-1.23
232.0,-34.3,-6.3,-179.88,-2.02,-0.79
228.8,-11.3,-7.8,-179.19,-2.15,-0.62
198.7,-45.8,-8.9,179.52,-1.2,-1.4
215.0,-49.7,-7.4,179.99,-2.02,-1.23
217.0,14.0,-9.7,-178.49,-1.89,1.13
192.6,-27.6,-10.4,179.7,-1.67,-0.35
234.7,-0.7,-7.7,-179.94,-1.61,0.96
209.3,15.5,-10.8,-179.34,-2.38,0.42
218.8,-28.9,-7.8,179.98,-3.93,-0.81
200.8,-43.2,-8.9,179.69,-2.26,-2.02
216.9,16.2,-6.9,179.98,-1.69,0.51
240.4,17.1,-7.6,-179.55,-2.45,-1.07
239.3,10.5,-9.1,-178.59,-2.31,-0.45
238.1,9.3,-5.2,-179.66,-1.36,3.77
254.0,-7.2,-9.1,-179.61,-1.98,-0.62
198.2,-42.6,-9.5,-179.66,-1.9,-1.23
233.0,-38.0,-5.9,179.98,-1.41,-0.35
190.0,13.8,-10.3,-179.55,-1.43,-0.09
190.1,-10.1,-12.6,-179.85,-0.97,-2.37
241.1,5.5,-5.9,179.34,-0.57,-0.61
228.1,-21.7,-11.4,-179.34,-1.57,-0.17
228.2,26.8,-8.4,-179.85,-3.41,2.6
200.7,-42.0,-6.9,179.58,-2.52,-0.35
191.5,15.2,-10.6,-178.9,-0.76,0.17
231.9,-15.8,-9.0,-178.82,-1.98,-1.23
214.6,15.4,-7.1,-179.43,-2.78,0.94
227.9,-35.6,-6.0,-179.74,-1.29,-0.26
230.4,3.0,-5.2,-179.59,-0.8,1.4
189.6,-21.4,-7.5,-179.6,-0.89,-0.79
245.6,-48.1,-5.4,-179.68,0.46,-0.96
218.4,-49.7,-7.2,-179.35,-2.86,-0.53
250.7,11.7,-5.7,-178.79,-2.1,-0.09
241.0,-16.0,-8.5,-178.76,-1.98,-0.88
208.6,-15.6,-8.1,-179.15,-2.05,0.07
194.4,-30.3,-7.4,-179.6,-0.19,-0.96
215.1,17.4,-7.2,-179.39,-1.36,1.31
219.6,0.7,-8.3,-179.3,-1.9,-0.53
198.0,-33.6,-11.4,-179.08,-1.71,-0.88
252.3,7.1,-9.3,-179.34,-2.28,0.16
238.5,-20.0,-5.4,-179.69,-1.46,-1.05
238.6,-19.6,-4.7,-179.57,-2.15,-0.53
204.6,4.1,23.9,179.99,0.55,0.08
233.6,14.0,-6.1,-179.03,-1.43,0.0
229.4,-40.4,-7.8,-179.33,-2.48,-1.32
249.2,-31.0,-6.0,-179.47,-2.06,0.34
200.4,-19.2,-6.4,-179.52,-1.42,1.13
210.6,6.2,-7.5,-179.55,-0.5,1.05
237.2,-28.5,-5.8,-179.37,-1.14,-0.52
237.8,-43.5,-5.1,-179.39,-1.61,-1.05
251.8,6.1,-8.3,-179.35,-1.0,0.17
231.8,-37.7,-7.3,-179.26,-2.2,-1.14
202.8,-35.5,-7.5,-179.5,-1.08,0.43
216.4,-48.5,-7.1,-179.44,-1.9,0.34
221.7,-10.0,-10.8,-178.71,-1.78,1.48
190.7,15.5,-6.5,-179.11,-1.91,1.48
252.0,15.4,-5.0,-179.63,-0.52,-1.05
226.4,-4.7,-11.7,-178.54,-1.59,-0.88
250.2,-0.6,-5.5,-179.63,-0.99,-0.79
221.5,-7.1,-6.7,-179.45,-1.67,-0.53
192.5,-14.7,-5.3,-179.4,-1.93,0.25
241.5,-28.6,-7.6,-179.22,-2.28,0.0
199.1,15.1,-7.2,-179.18,-2.04,1.12
227.8,10.9,-6.5,-179.26,-1.04,-0.35
196.4,-29.6,-8.0,-179.39,-0.87,-0.26
222.8,-17.3,-6.7,-179.28,-1.73,0.43
195.4,12.0,-9.8,-179.27,-1.5,-0.27
230.2,2.4,-6.4,-179.48,-1.86,-1.32
246.1,-17.9,-9.1,-179.67,-1.54,-0.97
227.0,8.9,-6.3,-179.81,-1.97,0.42
216.8,14.0,-9.0,-178.52,-2.45,0.24
220.0,5.4,-9.0,-179.66,-2.85,-0.72
226.0,-48.2,-9.4,-179.72,-2.97,-1.41
228.0,0.9,-10.0,-179.92,-3.06,1.82
254.0,-14.5,-8.2,179.98,-2.6,-0.09
212.0,-22.1,-7.5,179.89,-1.72,0.25
229.4,-18.7,-6.2,-179.48,-1.23,-0.17
254.4,2.5,-8.1,-179.08,-2.21,0.86
241.7,-50.8,-7.4,-179.42,-2.34,-0.44
243.2,0.0,-7.7,-179.07,-2.03,1.83
196.0,-18.9,-10.5,-179.4,-0.93,-0.88
224.4,-20.3,-7.2,-179.61,-1.8,-0.97
189.2,-10.2,-13.5,-178.83,-1.59,1.04
237.4,-13.9,-5.5,179.74,-1.67,-0.26
208.2,-40.4,-7.9,179.67,-1.72,-0.35
193.4,-51.1,-7.5,179.61,-0.73,-0.35
245.1,-17.8,-5.8,-179.42,-1.23,0.7
228.9,-1.5,-7.9,-179.2,-2.33,1.04
221.6,-47.7,-6.9,-179.6,-2.96,-0.26
233.9,1.6,-6.5,-179.15,-2.04,0.42
254.3,17.0,-7.1,-179.03,-2.46,0.68
196.6,-1.9,-9.8,-179.42,-1.19,0.0
230.0,-1.2,-6.7,-179.19,-2.05,-1.32
226.6,-24.3,-9.2,-179.61,-2.34,0.6
196.6,-48.0,-8.4,179.97,-2.02,0.26
238.4,10.8,-6.1,-179.42,-1.84,0.78
221.8,-3.1,-10.4,-179.29,-1.44,-0.88
250.6,-16.5,-5.9,-179.89,-2.3,-0.36
220.7,-31.3,-6.7,179.83,-1.18,-0.52
235.9,-8.1,-7.4,-179.28,-3.26,-0.19
233.4,3.2,-9.5,-179.01,-3.01,1.56
209.6,-3.8,-7.5,-179.99,-2.19,0.42
246.8,-30.1,-5.2,179.58,-0.77,-0.7
206.9,-27.9,-8.0,179.77,-1.99,1.31
208.8,-43.4,-7.3,179.75,-1.88,-0.44
208.0,-13.5,-9.4,-179.64,-2.89,0.15
232.5,-35.9,-5.8,-179.89,-0.78,-0.44
245.7,-43.5,-6.3,-179.81,-2.18,-0.09
218.3,-45.5,-8.2,-179.86,-2.72,0.0
242.8,11.7,-5.3,-179.38,-2.48,0.15
233.1,2.5,-5.2,-179.34,-2.74,-0.54
204.1,-32.7,-7.9,-179.95,-1.32,-0.61
227.5,-47.6,-6.5,179.97,-1.94,-0.52
207.7,-48.4,-8.9,179.91,-2.21,-0.35
247.0,-46.4,-9.4,179.74,-2.31,-0.53
248.7,-43.9,-7.8,179.97,-3.79,-0.36
195.0,13.6,-9.6,179.95,-1.06,1.13
248.9,12.0,-4.8,-179.96,-1.19,-0.97
201.0,-42.8,-8.2,179.94,-1.15,-0.26
238.4,-39.0,-9.0,-179.63,-1.72,-0.35
229.4,-25.4,-9.1,-179.36,-2.65,-0.18
189.7,-9.9,-10.1,179.95,-1.83,1.31
192.4,-43.2,-9.1,179.84,-0.81,-1.49
250.7,-53.5,-4.5,-179.59,-0.85,-1.31
219.1,-10.4,-8.3,-179.08,-2.04,1.31
222.8,24.4,-7.0,-178.43,-2.78,1.11
231.5,-31.8,-6.8,-178.93,-1.7,-1.14
229.9,1.6,-9.9,-178.44,-1.4,1.4
248.0,-34.7,-8.8,-179.7,-2.17,-1.14
213.3,-32.9,-8.8,-179.06,-2.08,-0.35
191.1,-18.5,-8.9,-179.71,-0.92,1.66
234.7,-8.2,-6.4,-179.91,0.01,0.87
221.6,-11.2,-8.0,-179.6,-2.16,0.95
206.6,1.0,-8.2,-179.67,-1.27,0.0
202.7,-43.2,-7.8,179.92,-0.8,-1.4
222.3,-17.8,-6.8,-179.99,-0.89,0.61
239.4,-14.2,-5.2,179.84,-0.12,0.61
215.8,-25.9,-10.4,-179.72,-1.82,-1.23
250.5,18.7,-9.0,-179.68,-2.21,-0.45
211.3,-45.1,-7.7,-179.55,-0.92,-0.7
223.7,-52.2,-8.8,-179.47,-2.78,-0.7
215.3,-1.0,-7.5,-179.01,-2.64,1.82
246.9,18.9,-8.1,-179.07,-1.91,0.51
218.5,-53.9,-6.0,-179.86,-0.78,-1.14
196.7,21.1,-12.1,-179.08,-1.61,0.6
192.0,19.3,-11.1,-178.64,-2.57,0.58
240.9,-13.2,-7.3,-179.18,-2.42,-0.62
234.5,-34.8,-6.8,-179.58,-2.33,-0.79
209.6,-29.0,-9.1,-179.44,-1.59,-0.61
242.7,-9.0,-5.6,-179.1,-1.86,-0.44
239.4,-46.2,-8.9,-178.75,-2.79,-1.67
243.2,-31.0,-7.0,-179.27,-2.83,0.25
225.3,-17.3,-4.8,-179.4,-2.47,0.34
231.1,26.9,-6.7,-179.23,-1.21,0.78
218.2,-46.8,-9.2,-179.45,-1.88,-1.4
245.9,-44.5,-0.7,-179.62,-2.61,0.08
244.6,4.0,-5.3,-179.13,-1.85,0.78
243.0,-23.3,-8.1,-179.3,-1.74,-1.49
249.7,9.6,-10.0,179.74,-1.83,-0.44
199.1,0.0,-8.9,-179.42,-1.19,0.43
232.5,-25.0,-5.8,-179.55,0.0,-1.31
243.6,25.3,-4.6,-178.93,-1.1,0.43
206.0,20.2,-10.4,-178.28,-1.37,0.52
207.9,-19.4,-9.7,-178.57,-2.19,-1.15
230.1,9.5,-7.1,-178.97,-1.97,-0.09
200.0,-25.9,-10.4,-179.4,-1.94,-1.14
225.6,-28.7,-5.6,-179.56,-1.62,-0.17
248.2,-6.4,-7.3,-179.24,-2.35,-0.36
195.9,30.7,-7.2,-179.49,-1.41,1.3
229.3,12.5,-5.7,-179.75,-0.65,-1.05
199.4,23.3,-10.8,-179.11,-1.53,0.86
204.1,24.6,-12.2,-178.46,-0.85,0.44
246.1,-13.8,-5.0,-179.7,-1.82,-0.35
229.9,-28.2,-9.9,-178.79,-1.74,-1.4
250.2,-24.0,30.8,179.68,-1.3,-0.17
194.9,10.6,-9.1,179.95,-0.86,1.49
192.2,-23.8,-8.8,179.65,-0.07,-0.7
200.5,26.6,-10.4,-179.34,-0.56,0.52
200.1,21.4,-11.5,-179.69,-1.89,-0.62
227.4,-11.9,-6.1,179.5,-0.57,-0.17
203.3,-17.7,-11.0,-179.93,-1.79,-0.27
244.3,0.7,-5.3,-179.76,-2.21,0.25
240.0,-37.8,-9.2,-179.79,-1.56,-1.14
186.0,4.6,-9.4,-179.67,-0.81,0.0
203.3,22.8,-8.2,-179.74,-1.23,0.78
188.1,-47.4,-9.5,-179.97,-0.97,-1.49
220.0,-33.4,-6.5,-179.76,-1.74,0.17
235.9,0.2,-5.0,-179.57,-1.24,0.52
232.2,25.9,-8.9,-179.39,-1.74,0.34
248.2,22.1,-8.8,-179.23,-2.24,-0.98
194.5,18.8,-9.3,-179.33,-1.24,-0.09
188.3,-3.3,-7.7,-179.56,-0.96,-0.96
205.0,-27.4,-8.3,-179.94,0.18,-0.43
203.6,-20.7,-9.1,-179.26,-1.27,-0.26
252.4,18.7,-9.1,-178.73,-1.79,-0.18
251.1,-47.1,-10.7,-179.67,-2.0,-0.52
197.7,-4.2,-9.6,-179.31,-1.44,1.4
232.3,-10.1,-8.8,-178.68,-2.19,-1.67
202.8,-18.1,-8.7,-179.63,-1.54,-0.18
230.1,15.2,-6.7,-178.7,-1.6,0.69
242.3,-41.3,-8.9,-178.9,-2.1,-0.53
247.6,8.3,-5.7,-179.57,-2.07,0.34
243.6,7.4,-6.3,-179.16,-1.76,-0.62
247.4,8.8,4.2,-178.0,-4.52,-0.93
252.7,1.6,-9.4,-178.82,-1.32,-0.26
216.1,-49.7,-6.1,-179.25,-1.88,-0.26
232.9,-41.1,-6.4,-179.49,-0.84,0.79
233.4,15.3,-5.4,-179.19,-1.3,0.87
214.7,25.0,-12.1,-178.77,-1.1,0.7
251.5,-27.5,-8.5,-179.98,-2.75,-1.15
197.6,8.3,-11.6,-179.25,-3.18,1.81
194.1,-38.6,-9.9,-179.79,-2.89,-0.09
186.3,-16.2,-13.2,-178.34,-1.11,0.0
249.3,-47.1,-8.2,-179.51,-1.27,-2.19
200.1,-42.1,-8.7,-179.85,-1.39,0.26
207.5,1.4,-7.4,-179.68,-1.0,0.87
195.7,-45.1,-9.9,-178.93,-1.83,-0.61
214.4,18.7,-9.0,-178.96,-2.05,1.92
243.2,-4.1,-5.6,-179.02,-2.28,-0.97
231.5,4.7,-10.1,-178.98,-1.73,1.92
230.3,3.1,-12.3,179.66,-1.33,4.3
192.4,-28.4,-12.3,-178.94,-2.3,-0.09
193.9,-22.8,-13.5,-179.39,-1.31,1.57
238.6,-27.9,-9.7,-179.6,-2.25,-1.32
235.4,8.8,-8.0,-178.68,-3.09,2.08
225.6,-47.8,-7.1,-179.27,-2.76,-0.26
202.1,1.0,-11.9,-177.76,-0.69,0.97
215.5,0.0,-8.8,-179.52,-2.15,-0.01
190.0,-49.6,-12.2,-179.57,-1.63,-1.49
249.5,-1.8,-4.8,-179.68,-2.0,0.34
216.4,12.0,-9.9,-178.99,-2.06,0.69
228.6,-47.4,-8.2,-179.82,-2.89,-1.23
227.8,0.0,-9.8,-179.32,-2.82,1.03
189.2,7.3,-9.9,-179.38,-1.74,-0.36
215.8,4.1,-7.7,-179.73,-1.02,-0.88
203.5,-47.3,-9.3,-179.88,-1.31,-0.61
217.9,-24.2,-7.5,-179.67,-1.72,-0.18
246.2,5.6,-4.4,-179.25,-1.43,1.22
230.9,1.7,-10.2,-178.57,-1.41,-0.09
222.7,-15.6,-7.6,-178.79,-3.41,-1.51
217.8,0.3,-7.3,-179.22,-1.69,0.6
238.8,25.5,-5.2,-179.34,-0.97,0.34
203.1,3.3,-11.0,-179.08,-1.72,-0.97
215.9,-5.3,-7.5,-179.25,-2.52,-0.8
244.8,-7.3,-5.6,-179.68,-1.27,-0.61
245.4,-3.1,0.9,-179.16,-3.23,-0.28
244.5,4.9,-5.8,-179.35,-2.55,1.91
251.9,-31.7,-9.2,-179.88,-2.28,0.08
229.6,-52.4,-5.4,179.71,-1.16,-0.52
231.3,-45.1,-9.7,-179.55,-1.55,1.05
236.6,-21.9,-9.4,-179.82,-2.28,1.31
190.7,21.7,-10.3,-179.38,-0.87,0.34
203.1,-16.3,-11.3,-178.78,-1.86,-1.41
242.4,18.2,-8.0,-179.26,-2.06,-0.18
238.5,-22.4,-7.7,-179.19,-3.33,-0.72
251.2,-14.7,-10.4,179.78,-2.18,0.69
195.5,21.4,-7.5,-179.52,-1.99,1.91
213.9,-8.3,-7.1,-179.97,-0.72,-1.31
252.5,-36.8,-4.7,-179.36,-0.09,-1.05
223.9,4.5,-6.6,-179.19,-0.86,1.05
223.4,-23.2,-6.4,-179.27,-2.01,0.08
205.7,-39.4,-10.0,-179.38,-1.95,-0.79
216.1,5.5,-10.2,-179.47,-1.95,1.13
245.8,4.2,-5.5,-178.89,-1.87,-0.62
218.9,-47.1,-10.5,-178.28,-1.33,-1.4
199.9,-23.9,-12.5,-178.89,-2.11,0.87
192.9,23.8,-11.8,-179.82,-1.46,1.83
190.0,-14.9,-6.5,-179.97,-1.36,-1.05
189.7,-40.1,-12.8,-179.52,-1.0,0.35
235.5,-34.1,-8.3,-179.36,-2.4,0.43
225.7,-34.8,-7.5,179.75,-3.21,0.78
247.9,14.2,-5.8,-179.88,-2.08,0.51
211.8,-31.7,-5.6,179.92,-2.15,-0.97
231.4,-48.1,-5.8,179.87,-2.03,-0.17
202.6,-50.0,-5.3,179.87,-1.94,-0.17
250.4,7.2,-5.5,-179.96,-0.8,1.05
253.7,-0.2,-7.4,-179.39,-2.29,-0.36
246.4,-10.5,-5.0,-179.55,-2.69,-0.54
236.8,-28.0,-9.2,-178.92,-2.13,-0.97
228.8,-0.6,-6.8,-179.69,-2.91,1.38
210.9,-5.9,-10.3,-179.2,-2.33,1.21
197.4,-3.0,-12.2,-179.82,-1.78,0.87
238.0,-36.1,-7.6,179.54,-2.0,-0.44
235.1,-21.9,-10.1,-179.95,-2.03,1.48
242.2,27.5,-5.6,-179.09,-1.91,0.86
222.4,-6.0,-10.7,-178.98,-1.25,-1.67
238.9,-9.0,-8.6,-179.13,-2.86,-0.19
244.4,16.1,-10.5,179.29,-2.56,0.16
214.1,-9.5,-7.8,-179.25,-1.8,-0.09
222.6,21.7,-6.9,-178.87,-1.82,-0.18
208.0,-10.4,-8.3,-179.24,-1.33,-1.58
240.0,8.3,-5.8,-179.24,-1.33,0.87
195.4,14.7,-9.0,-179.24,-1.21,1.66
196.7,-42.9,-9.7,-179.59,-1.28,-0.08
218.7,-33.8,-7.8,-179.65,-2.17,1.13
206.1,-8.3,-10.9,-179.34,-2.19,1.13
192.5,-21.0,-11.1,-179.58,-2.88,-0.45
233.3,-42.6,-6.5,179.92,-2.03,-0.17
248.7,-23.2,-6.0,-179.95,-2.03,0.6
212.0,-29.6,-8.8,-179.81,-2.1,-0.44
211.4,-8.9,-6.2,179.96,-1.64,0.69
208.2,-36.6,-6.0,179.8,-1.54,-1.67
213.5,-14.2,-11.1,-179.59,-0.98,0.43
228.1,-29.0,-10.0,-179.85,-2.38,-1.15
227.7,-28.8,-10.5,179.93,-1.96,0.34
215.1,2.2,-6.6,-179.83,-2.14,1.74
195.4,-33.7,-9.0,179.71,-1.02,-0.17
244.9,-26.6,-6.3,179.85,-1.89,-0.09
231.0,13.6,-9.0,-179.04,-2.36,1.12
194.0,-25.6,-9.2,179.37,-1.74,-0.17
235.2,-3.1,-5.9,179.27,-0.36,1.05
202.6,-41.8,-8.3,179.39,-0.87,-0.7
192.3,-15.8,-12.3,-179.69,-1.64,0.87
252.0,-32.1,-6.7,179.74,-2.78,-0.09
195.8,-19.9,-9.7,-179.54,-1.15,-0.35
196.4,-36.5,-5.3,-179.61,-1.27,-1.23
243.3,-11.0,-8.6,-179.13,-1.97,0.52
239.6,-0.4,-7.6,-179.35,-3.37,0.06
186.5,-15.2,-10.0,-179.99,-1.0,-0.09
228.2,23.1,-6.0,179.98,-0.66,-0.44
229.2,-16.4,-5.7,179.8,-0.31,-1.58
204.6,-14.6,-7.6,179.94,-0.91,0.43
187.6,3.9,-9.6,179.78,-0.17,0.26
208.7,1.6,-8.3,-179.89,-1.16,-0.17
242.8,-24.3,-10.1,-179.97,-2.05,-1.14
232.1,-44.0,-5.1,179.71,-3.1,0.52
192.3,-48.2,-11.7,-179.88,-1.48,0.17
209.4,-43.2,-9.3,179.22,-3.67,1.39
224.6,14.8,-9.2,-178.61,-2.3,0.33
232.5,-1.9,-6.7,-178.76,-2.01,-1.15
187.6,-48.3,-13.7,-179.63,-1.2,-0.08
192.0,-37.2,-9.5,179.95,-2.12,2.01
249.7,-12.6,-6.8,-179.3,-0.85,1.49
244.5,14.9,-9.0,-179.19,-2.14,2.36
190.2,-3.2,-7.2,-179.43,-2.31,0.68
225.1,8.2,-6.3,-179.7,-1.1,-0.7
243.3,-24.3,-5.0,-179.68,-1.73,-0.88
242.6,-22.1,-3.4,-179.36,-3.01,-0.36
234.9,-25.2,-8.3,178.82,-2.52,0.0
191.2,-10.0,-6.0,-179.26,-1.61,0.43
217.3,-47.0,-6.8,-179.63,-1.11,-0.61
242.0,20.8,-5.1,-179.62,-1.07,0.61
223.2,13.1,-10.5,-179.43,-1.85,0.42
205.8,-15.5,-12.1,-178.9,-2.07,-1.41
201.6,-16.3,-8.6,179.61,-2.64,-0.98
201.5,-6.8,-11.8,-179.11,-1.57,0.96
195.9,-2.0,-4.6,-179.56,-2.53,0.86
250.6,-29.4,-9.1,179.8,-1.09,-0.52
247.6,-28.4,-7.2,-179.07,-2.61,-0.36
236.3,3.4,-6.8,-179.54,-2.24,0.69
246.9,12.2,-8.4,-179.42,-2.76,0.59
229.1,-36.2,-2.5,-179.84,-3.61,-1.15
240.3,-35.8,-5.7,-179.98,-1.32,-1.4
189.0,9.5,-9.6,-179.85,-0.79,-0.26
234.8,-18.1,-8.5,-179.45,-1.58,-1.76
193.4,6.4,-6.9,-179.73,-2.43,0.5
229.2,27.0,-6.2,179.44,-0.03,1.23
218.9,-21.2,-10.8,-179.37,-2.02,-1.15
232.8,-7.3,-8.7,-179.85,-2.49,0.51
203.5,-36.5,-5.2,179.77,-2.69,-0.44
190.5,-24.2,-9.8,179.58,-0.17,0.26
226.8,1.7,-7.1,-179.41,-2.57,0.15
192.3,-15.8,-11.9,-178.65,-1.54,-1.41
200.8,-23.2,-12.2,-179.8,-1.3,-0.79
225.7,-3.7,-7.3,-179.13,-2.13,-0.18
214.6,25.9,-6.8,-179.8,-1.15,1.48
199.7,-2.7,-12.4,-179.11,-1.0,-0.88
223.6,6.7,-6.0,-179.49,-1.77,-0.27
210.0,-15.7,-11.4,-178.76,-0.95,-1.23
217.5,-43.8,-9.3,-179.21,-3.0,-1.41
230.2,9.5,-6.4,-179.52,-1.69,-0.27
220.3,-33.4,-8.5,-179.79,-1.83,-1.05
217.4,-33.3,-7.7,-179.5,-2.59,-0.97
233.1,1.5,-9.9,-178.92,-2.52,0.33
206.1,-43.1,-11.5,-179.61,-0.92,-1.4
217.1,-16.9,-7.3,-179.71,-1.82,0.96
218.3,1.6,-6.6,-179.54,-1.88,1.13
225.8,3.9,-6.0,179.98,-0.27,1.14
242.7,3.0,-7.6,-179.54,-2.52,-0.27
224.2,22.7,-5.7,-179.67,-2.32,1.3
245.1,8.7,-5.0,-179.63,-1.72,-0.71
199.9,-5.7,-9.4,-179.44,-1.2,-0.26
234.6,-32.1,-7.0,-179.26,-2.2,0.0
201.0,-40.0,-5.0,-179.4,-2.05,0.0
235.4,7.9,-7.4,-178.74,-1.73,0.69
226.6,-46.2,-9.3,-178.14,-1.85,-1.4
252.7,-37.0,-8.5,-179.4,-2.5,0.43
232.0,-42.6,-5.6,-179.55,-1.01,0.0
207.9,-12.5,-9.0,-179.11,-1.87,1.13
196.3,7.8,-9.0,-179.01,-1.41,1.04
245.7,19.1,-5.6,-178.89,-1.56,0.0
230.3,13.8,-9.5,-178.81,-1.53,0.0
208.8,24.4,-7.5,-178.96,-1.75,1.13
215.5,23.3,-10.1,-179.03,-1.59,0.07
219.5,-23.4,-7.7,-179.15,-2.87,-0.8
210.3,13.7,-11.5,-179.13,-1.55,0.69
226.5,-53.1,-6.3,-179.98,-2.81,-1.23
212.4,-3.8,-7.9,-179.62,-1.71,1.04
196.0,-24.8,-13.1,-179.19,-0.81,-1.14
245.6,-32.3,-5.6,179.49,-2.02,-0.79
225.2,-43.4,-11.3,179.93,-2.21,0.0
230.8,3.8,-10.7,179.81,-2.32,1.74
215.9,-18.5,-6.1,179.6,-2.69,-0.18
250.7,25.5,-7.9,-179.88,-1.63,0.95
200.4,-38.1,-9.8,179.9,-3.65,-0.71
199.9,-27.1,-11.4,-179.77,-2.81,0.77
222.9,-26.4,-8.2,179.75,-2.18,-0.09
221.9,-26.6,-5.9,179.66,-1.66,-0.09
244.3,-27.6,-8.5,-179.84,-2.64,-0.44
238.0,25.8,-7.7,-179.4,-2.95,3.57
212.2,-35.3,-9.9,-179.07,-2.61,-0.97
245.5,-47.1,-6.4,179.84,-1.85,0.61
213.1,6.3,-7.4,-179.8,-1.78,1.57
237.2,-37.6,-5.0,179.96,-1.24,-0.35
197.2,-46.3,-10.4,-179.78,-2.09,-0.79
227.3,10.0,-6.2,-179.25,-1.14,0.43
252.6,1.4,-8.6,-179.47,-1.58,-0.35
201.3,14.4,-8.0,-178.68,-3.35,1.01
244.6,-1.4,-6.3,-178.85,-2.6,-0.27
198.7,26.4,-10.2,-179.03,-1.29,1.75
236.6,-5.5,-10.9,-178.89,-1.7,-1.32
227.9,-44.9,-9.6,-179.25,-2.94,0.34
231.3,0.7,-6.3,-178.99,-2.19,1.83
243.7,-9.2,-5.4,-179.11,-2.13,-0.97
245.5,-18.6,2.5,-179.2,-3.69,-0.19
192.4,1.0,-6.1,-179.39,-1.55,1.39
189.6,16.2,28.8,-179.52,-0.84,0.17
209.4,-13.1,-6.6,-179.82,-0.31,-1.05
225.1,-36.7,-3.7,-179.9,-0.69,-0.87
247.2,-34.5,-5.7,-179.89,-0.78,-0.96
232.1,27.8,-12.3,-178.95,-1.76,1.65
212.7,-33.9,-8.3,-179.91,-1.76,-0.44
207.0,-48.8,-9.4,-179.75,-2.62,0.61
198.4,-12.1,-12.3,-178.89,-1.99,1.75
226.0,-52.3,-6.3,-179.85,-2.01,-1.23
214.6,16.7,-7.2,-179.04,-2.83,1.29
201.4,5.2,-12.6,-178.75,-0.57,-0.7
237.1,1.8,-6.4,-179.09,-2.21,0.07
242.1,13.7,-5.0,-179.28,-1.71,1.22
238.4,-15.4,-6.9,-179.18,-2.16,-0.35
190.1,-4.1,-10.2,-179.29,-0.79,0.78
247.0,2.9,-7.5,-178.9,-2.14,-1.15
221.4,-23.1,-6.7,-179.57,-1.79,0.0
250.5,-36.8,-9.0,-179.4,-2.32,0.08
225.0,22.3,-4.9,-178.51,-2.81,0.32
189.9,-5.7,-8.3,-179.55,-0.22,-0.87
245.9,-12.8,-5.7,-179.46,-1.13,-1.32
198.6,-46.3,-6.1,-179.62,-2.08,-0.61
252.9,-23.7,-6.6,-179.52,-1.97,0.61
199.6,-25.1,-9.7,-179.59,-1.62,0.08
236.8,-51.1,-6.9,-179.85,-2.98,-1.41
223.6,-26.4,-8.1,-179.97,-1.69,-0.09
196.5,-20.8,-7.3,179.54,-1.34,1.66
197.1,16.0,-10.0,-179.94,-1.5,0.87
214.8,-16.1,-11.5,-179.43,-0.85,-0.61
213.7,-13.8,-12.4,179.33,-0.97,0.17
249.8,-39.2,-7.0,-179.43,-3.03,-0.09
203.2,13.0,-6.0,-179.73,-1.4,0.6
228.7,-20.4,-6.7,-179.14,-1.43,-1.49
197.2,-6.5,-11.5,-178.61,-1.34,0.7
254.6,-16.9,-8.5,-179.41,-2.12,-0.27
241.1,-1.4,-6.5,-178.74,-2.3,-0.27
240.6,10.3,-5.2,-179.3,-1.34,0.25
204.9,-6.3,-5.6,-179.16,-1.76,-1.23
195.6,-9.0,-9.2,-179.62,-0.34,-0.61
245.4,-0.2,-5.2,-179.6,-0.44,-0.17
221.0,1.0,-11.2,-179.47,-2.22,1.39
202.5,-24.8,-8.7,-179.68,-2.45,-2.29
244.7,-49.4,-5.0,179.72,0.15,-1.4
243.0,-39.7,-8.1,-179.79,-2.45,0.87
185.7,-30.4,-10.1,-179.95,-0.25,-0.35
207.1,-8.9,-8.8,-179.76,-0.21,1.14
224.0,24.0,-6.8,-179.27,-1.03,-0.53
196.2,3.6,-6.1,-179.37,-0.89,-0.96
222.4,3.3,-7.3,-179.09,-1.37,-0.44
238.0,-29.4,-5.8,-179.1,-2.44,-0.35
198.3,-1.1,-7.6,-179.32,-0.71,1.66
244.9,-1.4,-7.1,-179.22,-1.52,-0.35
213.5,2.2,-10.7,-178.99,-1.53,1.13
254.3,-14.6,-6.7,-179.79,-2.37,-0.18
198.8,-29.1,-10.0,-179.57,-3.76,-0.28
198.4,-29.2,-8.2,-179.83,-2.38,-0.27
218.5,16.8,-9.0,-179.22,-2.7,1.73
250.3,21.6,-5.8,-178.89,-2.31,-0.01
226.0,-8.9,-5.9,-179.34,-1.64,-1.94
199.2,21.4,-9.8,-178.93,-1.73,0.34
231.5,-33.2,-7.6,-179.33,-2.21,-0.53
225.8,-34.1,-10.8,-179.07,-1.56,-0.35
205.2,-3.7,-8.4,-179.56,-1.88,1.22
203.7,-5.0,-10.0,-179.18,-2.41,-0.01
202.2,-38.9,-11.1,-179.74,-2.0,-0.26
232.9,-17.7,-6.5,-179.86,-1.58,0.34
186.7,-23.8,-9.0,-179.98,-1.34,0.43
205.3,-37.2,-9.5,-179.82,-2.55,-2.38
235.9,23.4,-6.6,-179.46,-2.33,-0.01
196.2,-14.6,-9.1,-179.99,-1.08,0.08
245.6,-48.4,-6.3,-179.94,-1.67,-1.23
200.6,-21.1,-3.8,-179.54,-2.41,1.74
248.3,-41.8,-5.6,-179.82,-0.95,-0.08
224.6,-10.9,-7.3,-179.4,-1.93,1.39
233.8,-29.8,-5.9,-179.39,-1.77,0.17
244.2,22.0,-6.7,-178.5,-2.53,-0.19
236.0,-25.8,-4.1,-179.04,-2.86,-0.89
215.6,-29.4,-10.5,-178.84,-1.49,-1.05
205.9,-26.7,-10.6,-178.76,-2.45,0.16
208.1,-26.5,-4.9,179.71,-1.84,-0.18
210.7,-9.5,-8.2,-179.98,-1.17,1.31
193.2,19.9,-11.7,-179.12,-1.23,-0.44
193.5,-48.4,-12.4,-179.55,-0.92,-1.31
238.1,2.0,-5.5,-179.88,-1.78,1.13
200.5,-11.7,-6.2,179.95,-1.19,0.26
200.0,-47.1,-9.5,179.82,-0.01,-1.23
201.4,-23.5,-8.9,-179.98,-1.06,1.14
232.3,-21.6,-6.6,-179.76,-1.74,0.0
231.0,-46.2,-8.4,-179.83,-2.54,-1.32
218.3,-29.5,-7.2,-179.84,-2.37,0.95
215.1,8.5,-8.2,-179.32,-2.18,0.07
241.8,-37.9,-5.2,179.91,-1.51,-0.79
192.3,24.3,-9.3,-179.71,-1.22,1.31
222.2,-1.3,-7.1,-179.68,-1.56,-1.41
219.3,-18.8,-6.1,179.97,-2.62,-1.06
242.0,27.9,-9.3,-178.77,-2.54,1.29
213.7,-5.2,-11.2,-179.24,-3.44,-0.73
193.6,3.2,-10.9,179.99,-1.77,0.07
203.8,-50.3,-10.3,179.84,-2.3,-1.23
247.7,18.0,-8.8,-179.42,-2.21,-0.01
221.7,-1.9,-7.5,-179.13,-2.21,-0.89
207.6,-29.5,-8.3,-179.69,-1.99,0.87
197.0,-9.9,-10.7,-179.37,-2.2,2.18
244.8,-40.0,-7.3,-179.39,-2.67,0.0
210.1,5.0,-6.1,-179.44,-1.48,1.57
243.8,-43.8,-5.6,-179.6,-0.49,-0.17
203.9,-41.5,-5.9,-179.63,-1.11,1.22
237.6,-37.7,-6.0,-179.5,-0.57,1.23
228.7,23.7,-8.5,-178.75,-2.43,0.24
249.6,2.4,-7.3,-178.82,-2.77,-0.98
218.5,-32.8,-6.8,-179.54,-1.79,-0.7
220.3,-49.7,-7.4,-179.49,-2.16,-0.53
254.0,-31.4,-8.5,-179.29,-2.03,-0.09
201.1,-21.6,-9.3,-179.29,-1.55,-0.35
249.6,4.2,-5.1,-179.44,-1.3,-0.26
199.4,-48.2,-7.6,-179.82,-1.66,-1.76
253.9,17.1,-6.8,-178.94,-3.16,-0.11
244.4,-17.7,-4.8,-179.66,-3.25,-1.07
210.7,-28.6,-7.3,179.85,-1.1,-1.05
213.2,-9.2,-10.1,-179.34,-2.28,0.77
238.7,7.4,-5.5,-179.16,-2.13,0.07
230.3,-24.5,-8.2,-178.92,-2.48,-0.53
244.8,-9.2,-5.8,-179.45,-2.39,-0.01
232.3,-38.6,-9.0,-179.61,-2.25,-1.23
233.5,-36.0,-3.0,-179.38,-3.55,-1.68
188.9,23.8,-9.7,-179.49,-0.82,0.52
238.9,16.0,-8.6,-178.98,-2.34,-0.28
219.8,17.1,-0.8,-178.97,-2.9,0.05
204.7,-12.5,-9.9,-179.5,-1.77,-1.15
248.3,11.2,-6.5,-179.22,-1.59,-0.18
229.4,5.7,-6.1,-179.06,-2.1,-0.09
253.3,-20.4,-7.9,-179.19,-2.44,-0.62
187.3,6.9,-10.6,-179.3,-0.76,-0.35
204.2,4.3,-8.2,-179.51,-0.57,-0.7
205.3,-12.7,-6.3,-179.47,-0.95,-0.26
202.5,11.1,-12.5,-178.86,-0.8,1.05
211.2,-16.7,-7.7,-179.93,-2.6,-0.18
231.1,-4.6,-6.1,179.9,-1.47,1.13
209.1,-10.2,-12.4,-179.32,-1.45,-0.53
207.3,-27.3,-8.2,-179.88,-2.03,-0.35
225.8,-35.7,-8.4,-178.88,-2.76,-1.32
233.0,-54.2,-9.5,-179.5,-2.52,-1.05
249.0,-1.8,-6.9,-179.22,-2.97,-0.19
217.3,0.3,-7.3,-179.88,-1.7,1.22
210.5,-1.6,-8.0,179.92,-1.02,1.22
211.1,22.4,-8.4,-179.46,-1.68,-0.01
244.3,-7.5,-5.4,-179.45,-2.21,-0.44
234.1,-21.4,-10.5,-179.06,-1.51,-1.23
193.9,5.0,-10.4,-178.92,-0.92,0.96
232.9,4.4,-7.9,-179.02,-3.0,-1.16
217.1,11.2,-6.9,-179.34,-2.19,1.04
198.1,23.1,-5.5,-179.53,-1.23,0.78
218.8,-20.7,-7.2,-179.78,-0.58,-0.7
214.2,-1.8,-5.6,-179.54,-1.33,1.4
253.3,2.5,-8.1,-179.07,-2.38,-0.27
233.1,-1.7,-5.8,-178.99,-2.63,-0.28
196.5,3.6,-10.8,-178.21,-1.71,0.96
209.1,-16.8,-7.7,-179.98,-2.0,-2.55
212.2,-47.1,-7.6,179.95,-2.12,-1.32
198.7,-7.0,-12.0,-179.3,-1.9,1.57
221.6,-18.8,-7.7,-179.47,-1.95,-0.97
250.3,-25.2,-6.0,-179.39,-2.12,-0.18
194.3,22.6,-10.3,-178.87,-0.92,-0.35
251.2,-25.8,-5.9,-179.41,-1.95,-0.62
249.2,-47.6,-6.3,-179.67,-2.35,0.0
254.1,10.5,-6.8,-179.08,-2.93,1.12
210.5,-9.4,-9.8,-179.1,-3.58,-0.47
233.8,-4.3,-7.5,-179.26,-3.07,-0.37
239.7,-53.4,-8.9,179.81,-2.91,-0.88
245.2,12.1,-4.0,-179.63,-2.0,-0.01
191.3,2.9,-8.7,-179.9,-0.99,-0.35
242.0,-18.2,-7.9,-178.96,-2.38,-1.06
226.2,15.3,-8.7,-179.12,-3.88,1.09
203.1,-21.3,-9.1,-179.72,-3.63,-0.46
205.5,3.9,-11.5,-179.37,-1.92,0.95
209.8,18.7,-7.1,-179.94,-2.8,1.64
213.1,-30.0,-11.5,-179.83,-1.93,-0.79
230.3,-26.2,-6.2,179.32,-2.25,-0.35
213.1,-13.8,-9.8,-179.91,-1.96,0.69
237.7,24.8,-10.5,-179.35,-1.91,0.33
221.0,3.4,-6.6,-179.96,-1.83,-0.27
247.5,-17.7,-8.6,-179.48,-2.94,-0.98
186.8,-47.5,-9.9,179.71,-0.81,0.08
208.2,-9.5,-8.8,-179.77,-1.48,-0.35
243.4,-37.3,-7.9,-179.68,-1.2,-0.17
189.3,-43.2,-9.8,-179.7,-1.02,-0.17
198.4,-42.2,-8.6,-179.67,-1.29,-0.17
194.4,-17.9,-12.5,-178.76,-1.07,0.87
234.1,-0.4,-6.6,-179.79,-1.76,0.34
224.2,-8.5,-8.3,-179.93,-2.25,-0.8
231.7,10.0,-6.6,-179.83,-2.16,0.07
203.5,-13.8,-8.5,179.77,-1.15,-1.32
187.7,-8.8,-7.3,179.82,-1.24,0.34
210.3,-1.9,-5.9,179.84,-1.24,-0.35
197.3,-27.5,-9.6,179.86,-1.91,-1.06
206.5,2.0,-9.0,-179.82,-1.97,0.78
235.4,-40.7,-6.4,-179.55,-2.15,-1.41
205.1,-18.4,-9.0,-179.44,-1.58,-0.44
204.9,6.7,-8.0,-179.47,-0.93,-0.17
200.5,5.1,-12.6,-179.23,-0.56,-0.26
249.7,13.7,-5.8,-179.34,-2.28,-0.36
235.7,-49.8,-5.3,-179.94,-1.84,-1.05
186.4,-25.4,-9.9,-179.91,-0.79,-0.26
249.3,-25.9,-7.0,-179.59,-1.8,-1.14
196.8,0.6,-7.6,-179.32,-2.09,1.13
222.5,8.8,-7.7,-179.41,-0.36,0.52
234.0,-22.9,-6.4,-179.47,-2.22,-1.15
225.0,-45.5,-10.6,-179.43,-1.27,-0.88
249.4,-36.9,-9.9,-179.9,-1.84,0.61
243.4,-37.5,-4.7,-179.82,-2.72,0.6
197.1,12.2,-11.7,-178.78,-1.59,0.0
198.5,-37.2,-12.4,-179.61,-1.89,-1.23
206.1,8.7,-9.4,179.88,-2.75,0.41
253.5,-50.8,-9.7,179.31,-1.97,-0.17
186.2,-19.7,-10.1,-179.43,-0.49,0.43
238.1,2.6,-5.6,-179.52,-0.04,-0.08
204.6,-30.6,-11.1,-179.33,-1.57,-1.67
253.9,-28.8,-4.4,-179.39,-2.03,-1.49
191.0,-37.6,-9.2,-179.81,-0.06,-0.35
249.7,2.7,-5.5,-179.54,-0.69,0.7
217.1,-48.1,-5.4,-179.73,-2.09,-0.79
204.9,-6.1,-12.5,-179.16,-1.04,0.87
204.6,-25.4,-4.5,-179.86,-2.48,-0.27
202.9,2.3,-10.1,-179.23,-1.5,1.04
224.6,-38.6,-6.5,-179.96,-1.67,-0.79
225.4,-24.2,-6.8,-179.72,-1.55,0.08
252.2,9.4,-8.2,-179.34,-2.46,-0.1
194.5,10.9,-9.3,-178.99,-1.77,0.07
210.2,-3.5,-8.0,-179.26,-1.52,-0.44
249.6,-11.1,-6.7,-178.88,-2.44,-1.06
234.0,-34.3,-7.5,-179.27,-2.02,-0.79
224.0,-17.0,-8.1,-178.63,-2.86,0.86
218.1,-24.7,-10.8,-178.55,-2.4,-0.79
209.7,14.8,-10.5,-178.25,-2.83,2.08
226.2,-7.0,-6.8,-178.99,-2.91,0.24
250.3,-1.6,-7.6,-179.42,-1.21,0.08
249.4,-7.6,-9.7,-179.33,-2.0,-0.62
230.0,-30.0,0.8,-179.32,-5.23,0.14
233.0,24.3,-8.9,-178.85,-1.25,0.52
245.6,17.9,-7.8,-179.39,-2.77,-0.19
247.2,-54.1,-8.1,179.86,-2.29,-0.96
199.9,-49.7,-5.9,179.8,-2.39,0.34
225.0,3.1,-6.4,-179.5,-1.31,0.08
237.3,-17.3,-6.1,-179.08,-1.87,-0.26
228.3,-11.9,-6.4,-179.01,-2.48,0.77
228.2,-2.3,-7.6,-178.79,-1.86,1.04
249.8,-13.9,-5.2,-178.86,-1.56,-0.35
227.1,-34.2,-11.8,-178.61,-1.57,-1.23
224.6,-2.0,-6.2,-179.17,-2.14,1.39
209.5,4.4,-9.2,-178.5,-1.72,0.25
209.4,4.7,-11.9,-179.08,-1.36,0.43
204.2,21.1,-11.9,-178.75,-2.04,0.86
204.4,17.3,-8.1,-178.27,-3.18,-0.21
202.8,18.9,-8.1,-178.81,-2.08,2.09
245.7,-28.0,-5.7,-179.42,-1.33,-0.96
237.7,-35.3,-9.4,-179.34,-2.3,-0.53
195.4,-13.4,-9.7,-179.75,-0.93,0.52
230.5,-43.1,-8.1,-179.28,-3.37,-1.15
230.0,-39.8,-9.0,-178.55,-3.28,-0.88
247.3,14.8,-7.9,-179.32,-2.46,1.03
237.2,-31.9,-8.5,-179.22,-3.43,-0.8
216.1,-34.2,-11.2,-179.39,-1.06,-0.79
198.6,-21.4,-4.6,-179.84,-3.47,-0.19
222.1,4.6,-6.8,179.88,-0.77,-0.08
233.1,18.6,-9.9,-179.66,-2.21,0.51
210.7,12.4,30.6,179.98,-1.97,0.6
192.3,22.9,-9.1,-179.74,-1.53,0.07
195.0,25.3,-2.3,-179.32,-2.3,1.56
190.1,19.1,-6.1,-179.78,-1.26,-0.35
206.9,-44.1,-7.3,179.81,-0.55,-2.54
189.2,0.1,24.7,179.84,0.69,0.17
248.1,9.5,-7.1,-178.84,-1.56,-0.97
228.5,-13.9,-12.2,-178.63,-1.93,-0.97
230.5,-26.3,-7.2,-179.26,-3.34,-1.6
217.3,12.7,-12.0,-179.14,-1.37,0.96
222.8,-33.4,-11.1,-179.84,-1.75,-0.09
194.3,9.7,-9.1,-179.93,-0.16,-0.26
212.8,24.8,-7.8,-179.25,-1.3,0.78
230.2,-20.7,27.9,-179.8,-0.04,-1.4
193.3,-26.9,-12.9,-178.35,-2.0,-0.26
203.9,-3.8,-13.1,-179.31,-1.54,2.1
203.5,-5.2,-13.2,179.04,-1.24,2.63
209.6,21.0,-7.8,-179.05,-2.56,-0.55
226.5,23.9,-7.7,-178.48,-2.03,-0.71
238.6,17.5,24.2,-179.84,0.61,-0.26
243.3,18.2,-8.8,-178.59,-2.67,-0.02
224.3,-19.8,-11.1,-179.11,-1.25,-0.44
252.3,-6.6,-9.7,-179.64,-2.62,-0.36
209.2,-28.6,-8.6,-178.93,-1.5,-0.52
213.3,-10.4,-8.1,-179.31,-1.82,1.57
194.9,-15.5,-13.1,-178.45,-1.16,0.43
226.0,-43.2,-8.7,-179.37,-2.76,-0.44
244.9,10.4,-10.9,179.8,-1.99,-0.09
199.1,-42.4,-8.3,179.98,-1.24,-1.14
204.7,-22.7,-8.8,-178.97,-1.49,-0.09
195.1,25.5,-11.1,-178.88,-0.93,0.87
199.7,-8.6,-10.7,-178.9,-2.14,-0.71
213.0,-33.8,-4.3,-179.7,-2.53,-0.62
217.1,-33.2,-6.9,-179.9,-1.22,-0.61
232.7,-22.2,28.6,179.92,-0.1,0.61
226.7,-48.5,-11.0,-179.84,-1.75,-1.23
236.5,-19.5,-9.9,-179.89,-1.94,0.0
220.5,-39.8,-8.8,179.79,-3.21,-1.06
205.1,-30.0,-8.2,179.55,0.01,0.79
250.3,-31.6,-5.7,-179.9,-1.76,-1.41
228.2,-45.4,-7.6,-179.81,-2.36,-2.02
202.4,-18.3,-8.9,-179.8,-1.3,0.52
229.3,15.8,-8.0,-179.0,-2.44,-0.28
248.7,-3.5,-5.7,-179.01,-2.64,-1.15
227.1,-24.4,-12.5,-179.01,-1.58,-2.72
208.3,-31.3,-7.8,179.96,-2.06,-2.38
236.4,16.9,-5.6,-179.92,-1.27,0.43
206.6,-22.7,-12.6,-179.13,-1.42,-1.32
251.5,-41.5,-10.1,-179.7,-2.09,-0.61
210.6,-3.5,-8.0,-179.03,-1.35,-0.53
210.4,17.8,-7.2,-179.17,-1.08,-0.09
212.3,17.8,-9.5,-179.37,-2.02,0.07
203.1,25.0,-8.6,-179.25,-1.2,0.25
245.3,-22.1,-7.5,-178.57,-2.51,-0.44
248.0,-6.3,31.9,-178.93,-1.21,1.14
237.0,16.6,-6.1,-179.05,-1.72,0.87
192.6,-11.7,-9.7,-179.86,-1.06,-0.88
195.5,21.2,-7.6,-179.6,-1.36,1.75
194.6,22.4,-10.2,-179.55,-1.33,3.59
241.2,-42.5,-7.4,-179.28,-2.3,-1.85
243.8,-30.2,36.4,-179.38,-2.75,0.69
237.7,-52.9,-10.7,-179.04,-1.26,-0.96
199.8,-13.8,-10.5,-178.55,-3.54,1.38
220.2,-8.6,-7.3,-179.3,-1.72,0.52
194.3,-9.4,-9.4,-179.62,-0.35,0.43
201.0,-15.7,-8.7,-179.71,-0.38,-0.79
210.5,-17.5,-8.0,-179.74,-0.3,-0.96
214.5,-23.0,-9.5,-179.55,-2.6,-0.62
235.8,14.2,-6.6,-179.47,-2.32,-0.01
240.5,-51.9,-9.2,179.82,-2.56,-1.23
219.5,21.8,-7.1,-179.37,-1.93,-0.36
216.6,-36.1,-8.2,-179.7,-2.0,-0.97
232.0,-13.0,-8.2,-179.68,-2.71,0.42
251.6,-21.8,-8.0,179.99,-2.58,-0.09
241.1,-53.4,-4.2,179.72,-2.92,-0.79
229.4,-7.2,-7.6,-179.99,-1.98,1.39
250.5,-21.1,-5.3,-179.56,-1.97,-0.09
240.9,-51.2,-9.6,-178.87,-2.48,-0.88
189.6,-5.2,-9.6,179.74,-0.35,0.17
229.9,-29.8,-6.1,179.75,-0.12,-0.61
246.8,1.9,-7.9,-179.03,-2.83,-0.1
210.0,-17.2,-8.6,-179.31,-1.27,-1.23
205.1,11.9,-11.5,-178.6,-1.38,2.36
204.8,11.7,-8.8,-179.88,-1.44,2.63
201.7,-33.2,-8.4,-179.77,-1.29,-0.96
222.3,-14.6,-7.2,-179.56,-1.52,0.08
213.2,-24.0,-9.7,-179.28,-2.63,-0.8
230.5,15.3,-6.5,-178.99,-2.07,0.42
194.5,2.9,-12.3,-179.38,-1.45,0.08
190.7,-21.8,-8.7,-179.98,-1.53,-0.88
251.6,-8.7,-7.4,-179.56,-1.43,-1.14
254.4,3.4,-5.3,-179.27,-2.89,1.12
237.1,-0.4,-11.1,179.79,-2.4,1.39
214.9,-31.0,-7.4,-179.97,-1.32,0.08
194.6,1.4,21.0,179.41,2.02,1.04
206.6,-16.7,-8.5,-179.21,-1.7,-0.88
188.9,-9.5,-7.3,-179.51,-0.77,1.14
198.1,3.4,-12.1,-179.02,-0.96,0.78
243.7,-7.8,-5.4,-179.68,-2.45,-0.27
195.5,-32.4,-9.8,-179.76,-1.29,-0.96
194.4,-2.4,-11.3,-179.27,-0.98,2.72
239.1,-46.5,33.0,179.31,-1.63,0.35
247.3,-40.3,-5.8,179.84,-1.16,0.26
203.9,-8.3,-8.5,-179.75,-1.93,0.69
228.9,20.1,-6.8,-179.31,-2.28,0.24
194.3,-46.2,-8.7,179.84,-1.07,-0.87
211.9,-24.8,27.6,179.94,-0.72,0.7
211.9,3.8,-10.5,-178.27,-1.66,0.52
219.0,-8.3,-9.0,-179.41,-3.12,-0.72
254.5,-51.9,-6.7,179.96,-3.61,-0.97
221.5,22.5,-5.7,-179.14,-2.87,0.85
248.5,-16.4,-5.4,179.94,-0.63,-0.35
252.2,3.9,-5.1,-179.4,-2.48,0.07
220.4,-4.8,27.7,179.91,-0.02,0.08
224.2,-3.7,-6.2,-179.68,-1.46,0.08
241.7,14.6,-5.6,-179.46,-1.3,0.0
246.8,-1.0,-6.9,-179.07,-2.38,-0.71
190.9,2.2,-5.7,-179.36,-1.54,0.78
229.9,-48.6,-7.7,-179.43,-1.72,-0.52
203.3,-23.3,-7.4,-179.41,-1.77,1.31
210.8,-25.6,-7.5,-179.72,-0.04,0.26
