235.6,-27.5,-6.6,-178.88,-2.74,-1.41
193,-65.4,-4.8,-179.64,-2.19,-0.79
181.1,-49.4,-10,-179.63,-1.38,0.43
161.4,-75.5,-8.8,-179.87,-0.71,0.08
214,-39.9,-4.5,-179.82,-1.04,1.4
181.2,-70,-13.3,-179.93,-1.05,-0.61
223.4,-50,-5.5,179.75,-2.03,0.61
174.2,-35.6,-9.1,179.73,-0.57,0.26
230.8,-62.6,-5.7,179.66,-0.79,-1.23
169.3,-37,-8.3,179.79,-0.92,0.17
177.4,-62.4,-12.6,-179.41,-1.65,-1.75
245.1,-29.7,-3.8,179.64,-2.25,1.4
236.6,-25.3,-7.3,-179.97,-2.48,0.69
208.9,-44.2,-9.2,-179.84,-2.98,-1.06
201.6,-65,-9.8,-179.72,-2.54,-0.7
209.8,-64.6,-7.6,-179.9,-2.54,-0.52
180.4,-59.9,-3,-179.79,-3.42,0.52
232.3,-65,-7.8,-179.39,-1.84,-0.35
199.9,-36,-7.6,-179.62,-0.83,0.7
197.1,-43.5,-11,-179.19,-1.49,-1.49
246.9,-54.1,-4.5,-179.56,-2.34,-1.93
184.8,-71.7,-8.7,-179.8,-1.32,0.17
251.6,-52.4,28.5,-179.73,-0.16,0.7
223.9,-41.1,-9.3,-179.55,-2.25,1.05
165.1,-50.5,-7.1,179.96,-1.76,-0.09
164.2,-83.4,-13.3,-179.93,-1.15,-1.49
209.7,-58.8,-10,-179.87,-2.1,0.17
218.2,-53.3,-8.8,-179.78,-2.98,0.26
196.7,-52.3,-9.1,179.98,-1.4,0.08
202.4,-39.6,-10.2,-179.95,-1.67,-0.7
234.5,-62.7,-7.5,179.94,-3.07,-0.52
169.9,-38.2,-11,-179.9,-2.02,1.04
222.7,-46.2,-8.5,-179.82,-2.8,-0.88
249.7,-22.2,-3.4,-179.75,-2.63,0.34
164.2,-36.7,-9.9,-179.9,-1.67,0.34
166.9,-63,-12.2,179.84,-0.97,-0.96
246.1,-23.6,-4.8,179.97,-0.98,0.78
174.3,-79.3,-12.6,179.68,-1.82,-0.87
216.8,-62,-6.1,179.58,-2.64,-0.08
179.6,-81.5,-12.2,179.63,-2.26,-0.96
225.8,-64.8,-5.8,179.87,-3.07,0.26
196.8,-49.1,-7.1,179.99,-1.14,0.26
255.5,-31.1,-7,-179.7,-2.62,0.87
156.5,-48.5,-10.2,179.68,-0.3,-0.79
223.6,-67.9,-7.3,179.57,-3.79,-2.64
162.5,-57.1,-9.3,179.49,-0.46,-0.17
254.7,-45.5,-6.2,179.65,-1.77,0.96
161.1,-76.3,-10.2,179.55,-0.06,-0.87
236.3,-27.8,-7.4,179.96,-2.22,0.52
252,-36.2,-7.9,-179.7,-2.7,0.08
246,-69.2,-5,-179.77,-4.04,-0.78
241.3,-31.3,-4.8,-179.34,-3.19,0.69
178.7,-40,-10.3,-179.59,-1.09,0.17
225.1,-29.4,-7.3,-179.24,-3.17,-0.01
182.9,-49.2,-11.9,-179.33,-2.93,-1.58
258.5,-25.9,-6,-179.32,-3.19,0.95
162,-50.2,-12.4,-179.41,-0.55,-1.23
162.4,-50.7,-12.7,179.85,-0.53,1.23
178.6,-47.6,-10.1,-179.47,-1.28,1.22
227,-21.4,-8.9,-178.65,-1.99,0.34
168,-52.7,-10.3,-179.21,-2.14,-0.96
153.5,-76.1,20.5,-179.31,2.24,-0.78
168.5,-39,-9.1,-179.54,-0.73,0.61
204.8,-43.9,-10.1,-179.48,-2.06,-1.32
257.4,-48.4,-5.9,-179.81,-2.89,-0.35
166.7,-33.9,-11.2,-179.92,-0.43,-0.08
163.2,-44.9,-8.7,-179.94,-0.43,-0.35
182.1,-39,-12.2,-179.19,-2.2,0.61
224,-52.9,29.5,-179.67,-1.3,-0.17
231.1,-52.6,31.4,-179.68,-1.12,-0.17
229.5,-61.4,-8,-179.7,-2.01,-0.43
219.9,-55.8,-9.1,-179.77,-3.33,1.05
165.6,-81.4,-5.7,179.98,-1.76,0.09
232.3,-30.1,27.6,-179.81,-0.06,0.79
245.6,-28.6,-6.3,-179.45,-2.76,0.69
168.8,-51.4,-10.3,-179.59,-2.34,-1.49
245.8,-43.7,-7.4,-179.15,-1.41,-1.05
245.8,-42.7,-6,179.75,-2.38,2.37
169.2,-61.3,25.6,179.99,0.35,-0.7
159.7,-50.8,-11.1,179.96,0.52,0.43
237.1,-45.3,-7.7,-179.85,-1.75,-0.35
230.9,-51.5,26.4,179.86,-0.62,-1.14
211,-60,-6.5,179.78,-2.37,-0.08
223,-35.5,-4.7,179.89,-1.51,1.4
249.3,-44.6,-3.1,179.87,-1.68,-0.17
194.1,-48.5,-11.8,-179.99,-2.29,-0.09
200.7,-52,-7.2,179.88,-2.47,-0.09
245,-66.3,-3.4,-179.95,-2.9,0.17
228.9,-46.3,-8.6,-179.82,-2.71,0.52
228.1,-45.2,-10.1,-179.79,-1.57,0.17
172.6,-42.8,-10.6,-179.68,-0.4,-0.08
239.9,-55.1,-3.7,-179.69,-0.68,-1.31
236.7,-62.5,-9.5,179.24,-1.51,-0.96
204.7,-43.1,-8.8,-179.36,-4.19,2.89
254.1,-24,-7.5,-179.64,-2.61,1.31
165.5,-67.5,-10.5,179.88,-0.96,-0.08
240.1,-50.9,-4.5,-179.98,-0.61,1.75
196,-68.7,35.1,-179.96,-2.63,-0.43
221.8,-62.3,-5.7,-179.91,-2.1,0.35
245,-67.3,-7.1,-179.73,-2.02,-0.87
250.3,-24.8,-4.2,-179.2,-3.34,-0.1
172.6,-65.3,-10,-179.74,-0.79,0.08
228,-59.5,-7.6,-179.58,-2.2,1.4
251.5,-58.3,-6.6,-179.46,-2.54,0.96
176.3,-73.5,-9.4,-179.71,-1.24,-0.17
214.9,-57.9,-8.4,-179.71,-2.37,0.79
202.2,-69.4,-10,-179.8,-2.81,-2.19
172.9,-68.7,-6.9,179.96,-2.28,-0.96
238.9,-59.7,-4.7,-179.99,-1.14,0.43
188.1,-60.3,-11.6,-179.71,-2.45,0.43
250.4,-32.5,-4.4,-179.24,-2.03,0.69
252.4,-63.5,-8.9,-179.69,-2.36,-0.96
172.6,-59.6,24.3,179.36,1.48,0.52
216.5,-49.7,-6,179.86,-2.29,0.43
177.4,-80.7,-9.4,-179.87,-0.71,-1.14
222.7,-27.7,-5.9,-179.44,-1.33,0.78
194.1,-69.7,-8,-179.77,-1.93,-0.87
250.6,-21.7,-4.8,-179.37,-2.66,1.92
257.6,-28.9,-8,-179.59,-2.34,0.08
246.3,-18.9,-5.7,-179.28,-4.42,1.29
190.7,-67.8,-10.6,-178.96,-1.07,-0.43
237.8,-19.9,-5.5,-179.12,-3.06,0.95
177.9,-43.3,-10.1,-179.73,0.02,0
239.6,-36.2,-4.5,-179.54,-1.62,0
258.4,-44.3,-5.6,-179.62,-2.43,-0.44
190.2,-75.6,-7.7,-179.86,-0.79,-0.87
214.9,-53.7,-6.3,-179.77,-2.28,1.22
225.3,-65.4,-8.1,-179.97,-2.81,-1.05
255.7,-47.4,-8.9,-179.95,-2.19,0.17
168.9,-89,-9.1,-179.97,-1.15,-0.87
255.3,-37.9,-6.1,-179.49,-2.51,0.25
248.6,-47.9,-6.3,-179.38,-3.65,-0.62
249.7,-71.2,-10.2,-179.78,-2.55,-0.78
237.4,-18.6,-5,-179.27,-2.45,0.42
184.5,-38.7,-10.3,-179.52,-1.34,-1.23
254.5,-53.2,-3.2,-179.85,-1.4,0.08
162.2,-52.9,-10,-179.91,0.17,1.4
245,-63.3,-4,-179.89,-1.4,-0.79
166.3,-80.6,-7.5,179.86,-1.48,-0.78
224.6,-68.5,-5.3,179.97,-0.52,1.31
242.4,-37.2,-8.9,-179.78,-2.01,0.17
247.5,-47.7,-9.1,179.05,-2.28,-1.05
176.4,-60,-10.7,-179.53,-1.04,-0.35
249,-32.8,-6.6,-178.89,-2.18,1.22
184.8,-59.4,-9.2,-179.62,-1.48,0.08
204.4,-59.1,-8.1,-179.68,-2.63,0.08
189.6,-74,-8.4,-179.8,-1.76,-0.96
184.2,-80.7,-9.8,-179.9,-2.03,-0.7
218.5,-58.7,-6.2,-179.98,-1.49,0.79
186.8,-38,-9.7,-179.72,-2.26,0.96
173.2,-84.6,-8.9,179.78,-2,-0.61
250.5,-58.4,-5.9,-179.97,-2.98,0.61
196,-72.4,-11.4,179.95,-0.96,0
170.2,-81,-10.3,179.81,-2.18,-0.96
162,-64.8,-6.5,179.95,-1.4,1.31
238.3,-24.6,-4.2,-179.46,-2.31,0.69
179.7,-54,-9.9,-179.82,-1.57,0
186.2,-42.5,-8.2,-179.81,-1.04,1.22
171.3,-68,-10.3,-179.92,-1.23,-0.79
215,-48.2,-5.3,-179.78,-2.1,0.7
197.7,-49.5,-8.7,-179.77,-2.36,0.7
185.6,-73.3,-9.3,179.97,-3.16,-0.96
181.6,-82.8,-2.2,179.54,-3.39,0.18
235.7,-26,-6.9,-179.68,-2.61,0.51
191.6,-42.5,-8.3,179.63,-0.58,-1.14
228.5,-27.3,-7.3,-179.81,-2.99,0.6
176,-57.9,-10.3,179.78,-0.89,-1.14
175.6,-35.3,-10.3,179.78,-0.3,0.52
247.1,-16,-5.2,-179.83,-1.93,1.04
241.2,-63.4,-5,179.97,-3.25,-1.05
187.1,-43.9,-7.1,-179.85,-2.63,1.04
169,-76.5,-12.1,179.93,-1.05,-0.61
207.7,-45.8,-7,-179.57,-2.26,0.69
234.9,-19.7,-5,-179.27,-2.1,0.69
220.1,-35.4,-4.4,-179.25,-2.73,-0.8
235.2,-56.6,-9.6,-179.56,-2.35,-0.52
167,-82.5,-7.9,-179.71,-1.53,-0.78
176.1,-55.1,-9.7,-179.71,-0.51,0.7
181.5,-49.4,-13.2,-179.68,-0.86,0.7
177.8,-71.7,-12.4,-179.45,-2.04,-0.7
231.6,-26.7,-2.5,179.36,-3.27,2.01
159,-76,-9.3,179.67,-0.94,-0.87
210.9,-68.1,-5.6,179.71,-0.51,1.14
163.2,-50.4,-12,-179.84,-1.22,1.58
201.9,-52.9,-11.4,-179.1,-2.15,0
215.7,-38.1,-5.2,-179.64,-2.52,0.78
174.8,-53.7,-7.9,-179.85,-0.87,-0.61
179.1,-57.7,-14.1,-179.71,-0.6,-0.26
198,-60.6,-7.6,179.7,-2.99,-0.26
225.2,-46.4,-5.6,179.89,-1.15,0.61
156.8,-64.9,-6.3,179.83,-1.67,-0.96
233.7,-36.3,-8.3,-179.77,-1.3,0.7
173.8,-81.8,-10.3,179.95,-1.32,0
223.4,-66.9,-5.7,-179.79,-2.02,0.61
181.7,-81.4,-10.2,179.96,-2.64,-1.13
218.2,-43.8,-10.7,-179.83,-1.83,0.08
172.9,-36.5,-13.3,179.55,-0.6,0.61
169.3,-72,-8,179.33,-2.18,-1.4
235.2,-22.3,-4.8,179.79,-0.92,0.7
168.7,-88.7,-9.2,179.66,-1.19,-0.52
161.6,-80,-10.5,-179.89,-0.63,1.14
225.3,-64.5,-5.5,-179.68,-1.67,0.79
250.8,-64.2,-7,-179.66,-2.37,0.17
207.6,-39.2,-7.3,-179.49,-1.35,0.26
178.2,-72.5,-9.9,-179.71,-1.42,-0.35
192.3,-73.1,-9.6,-179.69,-2.56,-0.08
226.9,-32.7,-9.7,-179.72,-1.47,0.43
198.9,-36.9,-12.2,-179.55,-0.64,-0.08
223.3,-68.5,-10.6,179.56,-1.49,-1.31
209.1,-54.4,-5.6,179.32,-2.92,0.43
226.6,-42.4,-9.8,179.74,-2.13,0.52
253.7,-57.4,-7.3,179.79,-2.55,0.08
162.3,-48.8,-11.5,179.76,-0.45,1.4
169.1,-77.5,-13.8,-179.54,-1.25,-1.66
168.4,-78.7,-5.1,179.03,-3.2,-1.75
224.7,-33.4,-6.5,-179.72,-2.09,0.25
224.6,-38.8,-9.2,-178.85,-1.97,-1.32
235.9,-59.2,-4.4,179.93,-2.46,-1.58
229.5,-60,-6.1,179.94,-2.72,-1.76
173,-74,-10.4,179.75,-1.12,0
232.1,-28.3,29.6,-179.92,-1.14,0.61
216.8,-45.3,-8.8,-179.82,-2.63,-0.79
197.3,-54.4,-8.3,-179.94,-2.63,-0.44
197.6,-68.9,-7.4,179.87,-1.4,-0.08
237.2,-28.9,-4.5,-179.87,-1.57,0.7
224.8,-62,-6.9,179.96,-2.63,-0.88
256.3,-31.6,-8.4,-179.46,-2.23,0.25
214.5,-40.5,-8.8,-179.15,-2.82,-0.27
236,-37.5,-5,179.76,-1.08,0.08
180.5,-57,-9.5,179.75,-2.12,-0.88
184.8,-57.3,-30.7,177.92,-5.1,0.08
188.3,-40.4,-13.1,179.8,0.86,0.17
178.4,-68.6,-9.3,179.63,-2.01,-1.23
199.2,-52.6,-4.7,179.81,-1.76,0.7
163,-54.6,-5.1,179.86,-2.2,-0.17
250.1,-33.8,-8.2,-179.42,-1.44,1.4
251,-58.5,-5.9,-179.69,-1.66,-0.26
229.6,-32.5,-9.2,-179.04,-2.19,1.31
248.7,-42.2,-9.5,-179.81,-2.1,-0.17
182.3,-32.4,-9.6,-179.53,-3.21,1.74
213,-56.1,-8.2,-179.82,-2.1,-0.44
244.9,-64.4,-8.4,-179.92,-2.72,0
216.9,-63.9,-8.4,-179.83,-1.84,0.08
170.5,-42.3,-9.4,-179.61,-0.21,-0.17
188.2,-64.2,-13,-179.3,-1.58,-0.17
191.7,-40.8,-7.8,-179.48,-1.71,1.49
223.3,-45.4,-5.9,-179.57,-0.84,-0.35
158.2,-61.6,-11.9,-179.64,-0.16,-0.87
253.7,-60.8,-7.1,-179.7,-1.31,-0.87
235.9,-44.5,-6.8,-179.68,-3.06,1.92
202.6,-57.7,-4.6,-179.84,-2.98,0.34
252.6,-62.5,-4.7,-179.9,-0.43,-0.43
212.6,-31.5,-10.4,-179.63,-2.16,1.48
190.6,-69.2,-5.2,-179.93,-2.11,-1.05
162.5,-72.4,-9.2,-179.92,-0.35,-1.05
221.7,-49.7,-7.2,-179.74,-1.3,0.17
221.1,-49.8,-8.4,-179.74,-2.89,0.17
205.5,-41.5,-8.2,-179.73,-1.82,0.52
157.2,-61.4,-9,-179.88,-1.05,-0.96
253.4,-31.7,-6.2,-179.78,-0.33,1.23
247.6,-63.1,-8,179.85,-2.55,-0.52
188.9,-77.1,-8,179.63,-1.38,0.17
224.2,-69.3,-6.1,179.87,-1.49,0.08
249.1,-18.1,-4.7,-179.74,-2.09,1.22
235.3,-42.7,-8.9,-179.88,-1.58,-2.2
231.5,-69.3,-8.2,-179.95,-2.54,-0.52
239.7,-22.3,-5.2,-179.67,-1.81,2.54
157.9,-70.5,-8.5,-179.86,-0.79,0.26
248.4,-25.9,-5.4,-179.7,-0.93,1.22
241.4,-66.9,-4.1,-179.83,-1.84,-0.61
175.8,-76.9,-10,-179.88,-0.8,-0.08
169.9,-50.8,-10.2,-179.82,-0.07,1.49
239.8,-36.1,-9.3,-179.57,-0.65,0.08
250.4,-61.1,-5,179.93,-2.11,-0.08
254.6,-39.3,-7.1,-179.8,-2.8,1.48
179.6,-55.6,-10.3,-179.92,0.35,0.08
218.1,-34.6,-7,-179.84,-0.51,0.61
222.1,-62.2,-6.7,-179.81,-1.66,0.08
238.7,-70.6,-7.5,-179.85,-2.28,-1.05
241.7,-52.1,-6.6,-179.8,-1.66,2.02
166.1,-68,-11.3,-179.73,-0.09,-1.05
244.3,-70.8,-8.3,-179.48,-1.06,-1.23
246.1,-29.4,-7.2,-179.26,-3.46,2.97
247.2,-29.2,-8.6,-179.02,-3.86,1.3
247,-25.9,-4.6,-179.13,-3.79,2.35
221.2,-40.8,-6.8,-179.3,-1.42,-0.7
177.8,-45.3,-9,-179.43,-1.08,-0.7
258.2,-41.5,-7.1,-179.61,-1.19,-0.79
181.8,-64.8,-10.1,-179.73,-1.22,-0.79
223.7,-58.4,-7.2,-179.81,-1.93,0.96
169.4,-62.2,-11.4,-179.82,-2.28,0.35
252.1,-39.1,-7.8,-179.66,-1.82,0.7
198.9,-61.4,-9.3,-179.75,-3.77,-0.52
236.5,-61,-7.2,-179.79,-2.28,-0.26
214.6,-50.8,-8.4,-179.72,-3.33,1.57
173.9,-53.2,-11.9,-179.74,-2.01,0.96
175.7,-53.1,-7.8,-179.73,-2.18,0.96
173.9,-53.2,-12.1,-179.65,-2.88,-0.09
202.2,-41.5,-12.9,-179.73,-1.91,0.87
178.4,-44.4,-10.4,-179.7,-1.91,0
218.3,-32.6,-7.1,-179.84,-0.6,1.4
226.9,-23.9,-7.1,-179.72,-1.73,0.96
229.5,-37.6,-7.2,-179.69,-2.35,-0.88
189,-50.1,-5.7,-179.89,-1.57,0.08
188.3,-50.2,-9.7,-179.87,-1.75,0.08
162.3,-37.8,-11.5,-179.96,-0.26,0.87
194.8,-53.3,-4.3,-179.86,-2.8,0.17
185.3,-67.6,-8.9,179.99,-0.43,-0.52
187.7,-74.7,-6.8,179.94,-0.87,0
241.6,-54.9,-7.5,-179.93,-2.19,0.35
249.6,-29.3,-7.6,-179.7,-2.79,0.16
242.1,-40,-6.6,-179.9,-3.17,-0.8
196.1,-52.8,-7.9,179.79,-0.8,-1.14
171.9,-88.6,-12.2,-179.98,-1.24,-0.87
190.9,-48.8,-10.8,179.53,-2.57,1.31
243.7,-26,-8.6,179.85,-1.97,0.34
185,-47.4,-9.9,179.53,0.21,-1.23
186.6,-45.6,-9.6,179.66,-1.34,1.05
230.6,-41.2,-6.1,179.72,-0.73,-0.52
246,-54.2,-5.9,179.75,-2.38,-0.35
232.9,-66.8,-5.7,179.71,-2.28,-0.26
248,-25.4,-10.7,179.81,-1.63,0
235.3,-65.8,-6.2,-179.41,-3.06,-1.84
227.4,-49.3,37.2,-178.98,-5.74,-0.54
234.5,-65,-10.5,-178.83,-3.3,-2.55
251.5,-45.4,-4.7,-179.52,-2.26,1.05
252.4,-46.9,1.8,-179.42,-4.19,0.69
211.2,-40.4,-8.4,-179.54,-1.98,0.69
190.3,-61.4,-9,-179.66,-2.36,-1.14
235.9,-53.1,-6,-179.68,-1.48,0.61
254.9,-44.6,-4.9,-179.73,-1.74,1.31
170.2,-34.6,-10.9,-179.85,0.2,0.35
200.4,-33.6,-10.6,-179.56,-1.53,-0.88
173.2,-48.6,27.5,-179.8,-1.04,-0.96
189.1,-76.5,-12.8,179.98,-1.49,-0.08
248.6,-29.1,-7.7,-179.73,-2.44,-0.27
173.7,-38.9,-9.9,179.61,-0.41,0.08
244.8,-70.5,-5.7,179.53,-1.92,-0.96
244.6,-70.5,-5,179.54,-1.48,-0.96
167.6,-56,-7,179.69,-1.76,1.05
226.3,-35.5,-8.2,179.86,-1.96,0.78
222.9,-54.3,-10.3,179.9,-1.23,-1.14
229.6,-39.6,-8,-179.6,-2.87,-0.18
232.1,-34.6,-8.7,-179.69,-3.67,1.13
219.5,-63.2,-6.8,179.89,-2.37,-1.58
157.5,-69.3,-11.2,179.92,0.26,-0.17
168.1,-74.4,-13.1,-179.46,-1.09,0.17
185.8,-69.6,-9.3,179.33,-1.38,0.08
202.3,-36.6,-10.4,179.85,-2.94,0.25
255.9,-25.4,-7.5,179.77,-2.78,0.51
185,-36,-8,179.64,-1.82,0.61
222.8,-47.3,-7.1,179.75,-0.2,-2.37
235.3,-62.4,-5.4,179.86,-2.02,-0.96
259.9,-46.1,-6.8,-179.99,-2.81,0.17
196.3,-72.5,-9.1,179.86,-1.84,-1.14
229.3,-41.8,-5.7,-179.92,-0.96,0.79
200.3,-39.1,21.9,179.84,1.39,0.87
211.5,-58,-9,-179.73,-2.36,-0.7
216.5,-41.7,-7.1,-179.49,-1.98,1.22
246.6,-25.7,-8.2,-179.4,-1.59,0.17
239.1,-62.3,-8.7,-179.61,-2.19,-0.7
233.1,-34.5,-5.5,-179.52,-2.24,1.66
209.1,-46.2,25,-179.71,0.73,-0.52
169.1,-52.8,-10.7,-179.64,-0.06,-0.61
216.1,-43,-10.6,-179.35,-2.86,1.22
213.8,-32.6,-9.7,-179.14,-3.7,1.92
206.8,-60.2,-11,-179.59,-2.98,-0.26
235.6,-65.5,-4.9,-179.55,-2.1,-0.87
234.9,-65.5,-8.7,-179.43,-2.71,-1.4
217.1,-56.1,-7.2,-179.62,-1.66,1.05
217.2,-56.4,-10.8,-179.61,-2.71,0.96
197.5,-60.3,-8.5,-179.88,-1.93,0.08
253.4,-37,-4.8,-179.68,-1.55,0.78
170.7,-38.3,-11,-179.68,-0.92,-0.08
247.3,-34.2,-6.2,-179.57,-0.56,-0.35
179.1,-28.7,-8.8,-179.6,-0.73,1.14
223.3,-39.4,-7.1,-179.63,-0.74,-1.4
226.3,-32.4,-7,-179.46,-2.67,0.34
244.4,-16.9,-8.7,-179.94,-1.86,1.13
188.1,-59.7,30.6,179.53,-1.51,-1.14
238.6,-68.8,-8,179.62,-1.39,-0.08
173.1,-53,-9.9,179.84,-2.99,1.4
232,-62.8,-6.2,179.74,-0.44,-0.35
221.1,-63,30.6,179.67,-2.55,-0.35
195.2,-43,-6.1,179.66,-1.26,1.49
246.3,-37.4,-7.1,179.8,-1.6,0.43
236.2,-21.7,-7.2,-179.49,-4.01,0.59
235.5,-22.3,-7.9,-179.68,-3.95,0.5
257.3,-31.6,-7,179.53,-2.99,-0.8
199.5,-48.4,-9.2,179.93,-2.12,-0.97
175.3,-56.6,-10.7,179.8,-1.59,-0.17
198.3,-40.6,-10.8,-179.45,-3.21,1.66
183.1,-76.3,-11.8,-179.6,-1.96,-0.26
244.2,-63.7,-7.3,-179.52,-2.82,0.88
197.6,-42,-9.7,-179.31,-1.33,-0.44
214,-59.7,-6.7,-179.4,-1.28,-2.02
180,-83.2,-13.2,-179.47,-1.18,-1.84
243.2,-34.5,-6.1,-179.3,-1.42,0.08
246.1,-33.9,4.4,-179.04,-4.57,0.41
233.1,-28.1,-7.5,-179.18,-2.63,0.6
228.7,-62.4,-6.3,-179.59,-2.18,-1.14
214.8,-40.9,-9.7,-179.35,-2.23,0.78
225.9,-44.3,-9.7,-179.59,-2.52,-0.35
186.1,-81.6,-11.6,-179.68,-1.43,-0.61
164.7,-48.7,-11.9,-179.73,0.02,-0.08
223,-57.6,-6.3,-179.64,-0.16,-0.87
232.5,-44,-6.6,-179.5,-2.78,-0.09
225.3,-44,-7.8,-179.57,-2.96,0.08
235.7,-37.4,-1.7,-179.36,-4.35,0.33
192.1,-73.4,-7.1,-179.94,-1.05,-1.4
231.6,-40.3,-7.2,-179.8,-0.24,1.05
174.5,-38.3,-12.5,-179.47,-2.32,-0.09
229.9,-56.2,-6.7,-179.78,-1.22,-0.26
156.5,-60.8,-12.2,-179.82,0.09,0.08
246.1,-71.3,-9,179.98,-0.61,-0.79
210.3,-60.8,-7.7,179.93,-1.58,-0.08
256.8,-47.8,-8.9,-179.99,-2.11,1.05
252.2,-31.6,-5.5,-179.57,-3.13,-0.36
186.3,-53,-10.1,-179.75,-1.12,-0.35
186.6,-79.5,-8.7,-179.9,-0.97,0.08
243.4,-56.1,-5.5,-179.81,-0.96,0.96
246.5,-23.5,-7.8,-179.34,-2.03,1.04
226.2,-38.3,-6.7,-179.22,-2.64,-0.88
174.4,-55.6,-10.1,-179.55,-0.06,-0.61
172.8,-77.2,-11.5,-179.58,-1.61,-0.61
240.6,-63.4,-5.3,-179.65,-0.79,0.7
240.9,-63.1,-5,-179.66,-1.49,0.79
194.1,-41.4,-9.8,-179.55,-1.63,0.34
257.6,-38.5,-4.9,-179.46,-2.41,-0.79
256.6,-38.3,-6.5,-179.58,-2.96,-0.71
236.8,-63.7,-5.7,-179.99,-2.02,-0.35
230.4,-63.4,-7.9,-179.98,-2.46,-0.26
165.3,-59.1,-6,-179.99,-1.23,1.23
237.5,-56.8,-6.7,-179.95,-2.02,0.26
169.4,-79.3,-10.7,179.9,-1.31,-1.31
252.4,-41,-4.9,179.66,-0.36,2.54
235.1,-64.2,-5.7,179.84,-2.28,-0.7
205.1,-47.8,-10.6,-179.99,-2.37,2.1
178.7,-56.3,-12.6,-179.56,-2.18,-0.08
250.1,-37.6,-8.3,-179.45,-2.06,0.61
242.3,-65.1,-9.7,-179.36,-3.15,-0.96
215.1,-53.8,-5.5,-179.45,-2.79,0.26
234.8,-40.3,-6.3,-179.53,-2.43,0.87
240.7,-67.2,-9.8,-179.76,-1.93,0
236,-32.1,-6.3,-179.54,-2.15,0.43
248.7,-48.9,-6.6,-179.71,-3.32,0
169.1,-66.8,-10.6,179.91,-0.17,-0.96
176.2,-71.1,-11.7,179.84,-1.22,0.79
177.1,-62.3,-11.6,179.87,-1.13,2.28
162.9,-68,-13.8,179.8,-0.52,0.43
211.8,-54.2,-11.4,179.77,-1.93,1.49
226.1,-29.2,-9.3,179.94,-3.01,1.48
226.6,-33.2,-7.8,179.89,-3.29,0.42
223.9,-66.2,-6.9,179.48,-2.46,-0.96
200.2,-66.2,-12.4,-179.72,-1.58,-1.23
176.2,-47.6,-6.9,179.5,-2.22,2.28
209.3,-38.7,-9,-179.52,-2.24,1.31
246.3,-32.5,-9.3,-179.45,-2.14,-0.18
244.4,-47.9,-5.7,-179.09,-2.93,-0.44
257.6,-47.4,-5.9,-179.46,-2.69,-0.44
238.1,-48.6,-6.3,-179.63,-1.82,0.26
251.3,-41,-4.6,-179.55,-2.16,0.34
177.8,-39.4,0.7,-179.23,-4.77,0.85
176,-72.4,-10.4,-179.77,-0.97,-0.79
172.5,-62.1,-10,-179.73,-0.26,-0.17
237.6,-61.7,-7.1,-179.72,-1.66,-0.17
191.8,-45.8,-9.7,-179.74,-0.94,0.26
191.6,-62.9,-7.2,-179.79,-0.69,-2.28
214.9,-57.9,-6.8,-179.66,-2.18,-0.35
230.5,-24.5,-9.2,-179.48,-2.23,1.04
194.8,-72.5,-7.4,-179.78,-2.64,-1.75
235.1,-52.3,-5.3,-179.6,-0.95,0.26
195.1,-74.3,-6.8,-179.71,-1.85,-1.22
209.4,-53.6,-10.3,-179.74,-1.48,-0.35
256.7,-51.5,-7.4,-179.68,-2.71,-0.35
169.8,-66.9,-10.9,-179.83,-0.61,0.17
180.1,-51.2,-11.3,-179.8,-1.66,0.08
242.6,-47.6,-7.8,-179.57,-2.43,-0.09
241.9,-24.1,-5.4,-179.55,-2.42,1.04
170.6,-67.2,-10.5,-179.92,-0.44,0.35
235.8,-61.1,-7.3,-179.89,-2.37,0.17
202.9,-54.4,-8.3,-179.92,-1.84,0.26
175.5,-41.4,-10.9,-179.91,-0.6,-0.26
182.4,-57.9,-12.9,-179.73,-1.83,-1.14
227.3,-56.3,-6.4,-179.73,-1.74,-1.05
257.1,-59.3,-6,-179.78,-2.72,0
234.5,-68.3,-5.1,-179.85,-2.28,-0.43
184.8,-52,-5.7,-179.76,-1.75,1.66
177,-43.2,-10.9,179.76,0.59,1.14
184.1,-65.1,-12.8,179.92,-1.23,-1.23
228.1,-27.9,-6.4,-179.39,-2.12,0
168.4,-57.2,-7.7,-179.67,-1.12,-1.23
184.3,-74.4,-13.1,-178.82,-1.36,-1.23
192.6,-31,-11.2,-179.83,-2.72,2.62
241.6,-36.1,-5.4,-179.65,-1.55,0.34
205.6,-48.8,-6.7,-179.74,-1.03,-0.44
251.9,-38.7,-4.3,-179.69,-1.65,1.14
215.3,-54.5,-8.7,-179.55,-1.64,-0.79
169.3,-40.8,-11.4,-179.97,-1.23,2.37
240.5,-56.1,-7.7,179.98,-2.02,-0.26
219.3,-51.4,-4.5,-179.95,-2.9,0.52
253.9,-43.3,-5.4,179.98,-1.14,0.7
213.7,-46.5,-6.8,-179.95,-1.93,0.7
230.6,-59.9,-5.5,179.96,-1.58,-1.05
249.6,-53.1,-4.1,-179.96,-2.98,0.08
224.5,-31.1,-8.6,-179.78,-2.18,0.52
168.5,-73.6,-11.1,179.52,-2.17,-0.17
176.5,-68.7,-13.2,-179.9,-1.58,1.23
237.4,-17.3,-5.2,179.48,-1.61,1.22
233.2,-37.4,-9.6,179.86,-1.7,-0.96
161.1,-52.8,-11.3,179.72,0.06,-1.14
175.6,-51.8,-13.2,-179.48,-0.83,-1.14
161.3,-39.8,-11,179.21,-0.07,2.98
210.9,-36.3,-11.9,179.6,-1.27,1.4
206.3,-51,-8.3,179.58,-2.15,-1.76
171.9,-42.5,-6.6,179.69,-1.89,0.52
245.8,-55.4,-5.1,179.61,-0.98,-1.05
207.2,-39,-9,-179.88,-2.28,-0.44
161.8,-37,-9.9,179.71,-0.48,1.05
245.6,-40.2,-4.6,-179.84,-1.39,-0.96
229.9,-42.1,-10.8,179.62,-1.36,-0.96
240,-45.8,-5.9,-179.8,-2.27,-0.7
233.6,-56.9,-7.3,-179.99,-1.84,1.31
182.9,-74.1,-6.3,179.93,-1.4,-0.61
191.4,-45.7,-9.4,-179.9,-1.31,1.31
170,-57.1,-13.5,-179.87,-0.69,-0.79
204.2,-59.6,-11.6,-178.79,-2.16,-0.87
234.2,-59.3,-7.2,179.27,-2.74,-0.17
162,-32.7,-8.1,179.91,-1.61,1.57
251.1,-53.4,-6.8,-179.93,-2.72,-0.88
225.3,-45.9,-6,179.72,-2.31,0.34
166.4,-64.1,-7.5,179.68,-2.11,-1.05
185.4,-53.9,-9.6,179.85,-0.62,0.26
182.8,-42.1,-11.7,-179.52,-1.28,1.4
183.1,-37.1,-11.9,-179.48,-3.03,0.34
245.7,-46.7,-5.6,-179.98,-2.37,-0.7
174.1,-31.9,-5.5,-179.76,-2.54,1.3
173.1,-66.4,-12.8,179.81,-1.4,-0.7
237.9,-36.1,-8,-179.84,-2.9,0.07
163.7,-39,-11.9,179.76,-0.21,-0.43
248.7,-68.7,-8.1,-179.53,-0.95,-2.54
167.9,-49.2,-8.5,179.99,-0.97,0.08
243.2,-64.6,-9.7,179.84,-1.32,-1.14
241.1,-23.9,-6.3,-179.5,-3.48,1.39
190.4,-77.8,-5.4,179.9,-2.37,0.09
160.7,-82,-10.7,-179.89,0.16,-0.87
231.1,-23.4,-5.7,-179.73,-0.58,1.93
225.2,-45.3,-10.6,-179.07,-1.32,-0.96
177.6,-61.1,-5.6,179.47,-1.05,0.7
174.6,-34.4,-8.6,179.89,-0.54,2.28
202.6,-32.8,-11.1,-179.78,-1.65,1.31
228.5,-34.9,-6.3,-179.65,-1.99,-0.09
182.4,-83.2,-12.1,-179.89,-1.68,-0.87
172.8,-48,-11.1,-179.98,-1.58,1.31
191,-46.1,-9.5,-179.66,-2,0.78
164.9,-57.4,-7.8,-179.67,-1.3,-0.79
222.3,-48.1,-5.5,-179.51,-0.85,0.79
216.9,-36.5,-4.2,-179.43,-2.49,0.25
248.4,-53,-6.3,-179.21,-3.39,-0.53
186.8,-42.2,-10.7,-179.61,-1.1,0.26
222.8,-61,-6.2,-179.95,-1.66,-0.79
169,-79.5,-4.5,179.87,-1.75,-1.14
188,-59.1,-9.3,-179.71,-1.4,0.43
229.2,-26.5,-10,-179.91,-2.12,-0.09
203.8,-44.9,-8.3,-179.9,-2.11,-1.93
236.5,-62.1,-5.1,-179.7,-1.31,-1.05
159.8,-78.6,-11.1,-179.75,-1.42,-1.22
215.5,-63.3,-8.7,-179.6,-2.11,1.23
224.6,-50.6,-10.1,-179.36,-1.9,0.08
227.8,-27.6,-9.7,-178.46,-2.42,-0.09
180.6,-27.3,-5.1,-179.09,-2.68,0.07
165.8,-54.3,-10.6,-179.66,0.2,-1.14
234.1,-41.4,-7.3,-179.61,-1.37,0.35
164.9,-47.8,-8.2,-179.82,-0.86,-0.17
247.4,-29.3,-5,-179.33,-2.12,-0.35
246.2,-36.9,-3.9,-179.41,-1.78,-1.14
242,-46.4,-9.7,-178.99,-1.41,-0.96
238.2,-51.5,-6.8,-179.51,-3.84,-0.53
171.6,-37.6,-6.4,-179.43,-1.95,0.08
241.8,-26.3,-4.8,-179.6,-2.6,0.25
211,-58.5,-8.5,179.74,-2.64,-0.7
216.3,-33.8,-6.8,-179.24,-1.94,1.31
226.2,-37.5,-8.9,-179.04,-2.89,0
256.3,-41.2,-8,-179.37,-2.4,-1.58
223.8,-39.3,-6.1,-179.4,-2.14,-0.18
206.4,-60.2,-8.7,-179.58,-2.54,-0.52
191.3,-71.7,-11,-179.47,-2.48,-0.52
184.9,-46.1,-8.8,-179.31,-2.15,1.22
221.6,-37.3,-6.1,-179.62,-1.11,1.05
198.3,-66,-12,-179.81,-1.84,-1.14
205.6,-64.8,-10.3,-179.41,-3.52,-0.08
242.6,-24.3,-4.9,-179.08,-2.34,0.08
236.3,-25.6,-9.1,-178.55,-1.72,-0.26
203.2,-52.3,-8,-179.64,-1.38,-0.7
221.5,-50.9,-6,-179.56,-1.29,-0.61
229.9,-68.1,-9.8,179.33,-2.18,0.17
226.2,-53.5,-5.5,-179.69,-1.04,0.17
167.3,-66.2,-10.9,-179.74,-0.53,0
209.4,-54.9,-6.6,-179.78,-2.54,1.4
184.3,-56.8,-9,179.74,-0.44,1.05
189,-55.6,-8.6,-179.6,-2.19,1.22
243,-60.1,-6,-179.61,-2.63,-0.08
181.4,-43.4,-10,-179.59,-1.19,-0.17
228.6,-22.4,-7.8,-179.84,-2.55,1.13
188.6,-41.3,-9.1,179.61,-1.03,-1.31
216.7,-50.9,-6,-179.95,-1.84,-0.88
252.4,-53.8,-6.6,-179.54,-2.17,-0.7
168,-56.9,-11,-179.63,-0.24,-0.17
230.8,-36.9,-6,-179.52,-2.07,0.87
195.1,-53,-8.1,179.99,-1.67,0.08
184.4,-32.9,-8.9,-179.98,-0.7,1.4
164.8,-52.2,-9,179.95,-0.44,-1.4
240,-54.6,-7.9,-179.9,-1.84,-0.79
201,-71,-7,179.65,-2.09,0.08
243.2,-28.1,-5.8,-179.85,-2.46,0.87
164.8,-34.1,-7.3,-179.9,-1.58,0.52
165.5,-34,-10.9,179.71,-1.3,-0.26
233.4,-43.3,-4.8,179.39,-0.95,-1.23
235.4,-42.8,-2.9,179.23,-3.78,-0.45
227.7,-58.6,-5.2,179.47,-2.13,-1.23
204.8,-50.7,-9.9,179.61,-2.66,0.52
222.8,-68.2,-9.3,179.56,-2.63,-1.14
161.2,-55.3,-11.6,179.64,0.15,0.08
188,-60.8,-7.3,179.66,-1.14,0
160.5,-54.8,-8.2,179.68,-0.63,0
212,-55.6,-7.6,-179.89,-2.19,-0.52
177.4,-63.5,-7.2,179.82,-1.4,0
196.6,-52.7,-7.8,179.87,-1.06,0.17
249.6,-50.1,-8.5,179.97,-1.14,0.08
230.7,-22.1,-5.4,-179.95,-2.48,1.22
205.7,-54.6,-10.3,179.35,-2.24,-1.23
225.1,-32.7,-5.7,179.42,-2.29,0.43
205.2,-46.5,-8.6,179.48,-1.9,-0.88
194.6,-41.1,-6.8,179.74,-1.79,0.87
249.5,-25.8,-6.5,-179.91,-3,0.51
165.3,-45.1,-11.8,179.76,-0.2,-0.79
199,-54.3,-11.3,-179.53,-2.35,-0.17
241.3,-26.1,-9.9,178.98,-2.56,0.16
233.2,-55,-6.2,-179.56,-3.49,-2.29
245.5,-32.9,-6.1,-179.3,-2.65,-0.27
179.5,-35.7,-10.3,-179.71,-0.75,0.61
198.5,-70.5,-7.8,-179.78,-1.5,-0.26
235.4,-49.8,-7,-179.44,-3.48,-0.09
206.7,-41.1,-6.7,-179.32,-2.4,0.61
237.8,-66,-3.6,-179.65,-1.58,-0.43
249.3,-44.2,-8,-179.6,-1.82,0.17
253.1,-24.8,-7.9,-179.4,-2.75,0.25
198.3,-71.3,-8.1,179.94,-1.93,-0.7
244.6,-55.1,-4.9,-179.85,-2.37,0.61
253.8,-54.7,-7.4,-179.85,-2.63,0.61
241.9,-49.8,-8,-179.46,-3.13,-0.09
243.2,-46.5,-7,-179.97,-2.64,-0.26
238.3,-28.3,-6.7,-179.47,-4,1.03
248.8,-27.8,-6.3,-179.46,-3.03,-0.09
249.1,-69.4,-8,-179.41,-2.46,-0.7
177.9,-49.2,-10.4,-179.48,-0.93,0.08
214.5,-46.3,-10.4,-179.77,-1.83,0.17
214.5,-52.7,-5,-179.61,-2.7,-1.58
193.5,-54,-12.1,-179.23,-1.97,-1.58
222.3,-48.3,-5.9,179.5,-1.62,-0.17
234.9,-46.8,-8.2,-179.65,-2.26,-0.17
203.1,-69.1,-1.1,179.83,-3.95,-0.43
205.4,-55.3,-8.7,179.96,-2.81,1.14
179.8,-56.3,-12.9,179.94,-1.84,1.14
222.6,-60.3,-6.7,179.61,-2.82,-0.26
164.6,-78.6,-10.6,179.59,-0.76,-0.87
246.5,-30.9,-8.2,179.19,-1.67,2.1
188.9,-39.8,-9.5,-179.34,-0.98,0.08
204.6,-48.9,-7.8,-179.33,-1.61,-0.96
219.7,-47.6,-6.1,-179.43,-1.81,0
236.3,-71,-8.3,179.95,-2.46,-0.87
163.7,-35,-8.3,-179.63,-1.09,0.52
173.6,-30.2,-11.8,-179.77,-2.1,0.34
173.5,-71.6,-12.3,179.68,-1.83,-1.05
228.2,-44,-6,179.62,-1.88,0.43
236.3,-66.6,-4.8,179.53,-2.19,-0.08
239.7,-74,-4.1,179.58,-2.45,-1.05
244,-36.2,-9.7,-179.73,-1.56,-0.09
180.9,-61.1,-7.9,179.42,-1.68,-0.35
192.4,-70.9,-10.3,179.77,-1.92,-0.7
211.2,-50.7,-6.4,179.82,-1.59,0.17
214.7,-61.5,-7.7,179.86,-1.93,-0.79
239.2,-65.2,-7.6,-179.59,-3.34,0
157.8,-70.8,-9.2,-179.58,-0.63,-0.7
231.4,-34.2,-5.4,-179.67,-2.17,0.96
188.9,-48.4,-3.7,-179.64,-2.79,-0.79
245.1,-24.5,-6.3,-179.4,-2.22,0.6
161.9,-41.6,-10.5,-179.77,-0.32,-0.7
175.1,-64.8,-9.7,-179.83,-1.31,-0.26
162.4,-50.3,-8.8,-179.62,-0.32,0
246.8,-33.9,-6.2,-179.57,-1.54,0.87
175.4,-53.3,-9.4,179.94,-0.44,-1.05
177.4,-51.8,-8.2,179.99,-0.88,-1.49
248.9,-49.2,-7.2,-179.8,-1.92,0
245.8,-37.2,-6,-179.67,-3.32,0.6
232.7,-38.2,-6.1,-179.63,-2.87,0.69
248,-29,-6.5,-179.31,-3.72,0.24
170.8,-48.4,-9.6,179.94,-0.35,-0.35
199.5,-63.8,-7.9,-179.8,-1.93,-0.61
257.8,-51.8,-6.2,179.87,-2.64,-0.35
215.3,-57.9,-6.5,-179.59,-3.5,-0.88
206.8,-46.8,-6.1,-179.62,-1.82,0.96
177.6,-64.8,-7.5,-179.72,-0.87,-0.96
251.4,-58.4,-5.2,-179.5,-2.89,0
164.8,-39.8,-11,-179.5,-0.99,0.35
201.1,-61.8,-10.3,-179.63,-2.19,-0.08
242,-26.8,-5.7,-179.15,-3.15,-0.18
166.4,-73,-10.1,-179.75,-0.27,-0.35
167.9,-51.4,-11.1,-179.61,-0.77,1.31
220.1,-47.5,-5.3,-179.34,-1.98,0.26
219.3,-47.7,-6.9,-179.36,-2.68,-0.09
228.4,-67,-4,-179.77,-2.55,-0.17
168.7,-46.3,-7.7,-179.61,-1.55,1.4
196.4,-43.5,-3.8,-179.49,-2.95,1.13
171.2,-80.9,-10.8,-179.87,-1.85,-1.66
171.3,-54.9,-11.1,-179.84,-1.57,0.52
162.2,-70.9,-13.6,179.97,-0.61,-0.35
240.6,-38.7,-4.1,179.79,-0.8,1.58
179.4,-84.4,-6.4,179.57,-1.54,-0.61
172.2,-59.3,-10.2,179.74,-0.96,1.14
176.6,-36.7,-12.1,-179.67,-1.72,1.05
192.1,-63.1,-11.9,-179.71,-1.75,-0.61
170.1,-53,-4.3,-179.83,-2.8,0.17
161.3,-70.3,-8.5,179.94,-1.66,-0.7
250.5,-33.7,-5.3,-179.4,-1.62,1.31
166.5,-58.4,-10.5,179.68,-2.91,-0.61
156.1,-49.1,-12.1,179.53,0.31,0.96
215.1,-50.2,-11.2,-179.81,-1.39,-0.61
210.4,-38.1,-7.1,-179.57,-1.98,-0.26
205.6,-40.9,-7.8,-179.35,-1.69,-0.53
243,-59.7,-6.6,-179.58,-3.06,-0.44
201.6,-68.1,-5.7,-179.77,-2.64,-0.61
200.1,-51.4,-10.6,-179.51,-1.39,1.4
247.4,-54.4,-6.8,-179.63,-3.06,0.08
187.9,-70.4,-9,-179.78,-1.85,-0.61
207.2,-39.1,-7,-179.63,-2.08,1.57
215.8,-38,-6,-179.69,-1.2,0.61
177.6,-60.3,-12.1,-179.51,-1.56,-0.79
195.4,-59.5,-9.3,-179.55,-3.24,-0.52
248.5,-48.1,-7.3,-179.66,-2.53,-0.09
178,-51.9,-9.5,-179.66,-3.67,-0.18
209.7,-69.7,-4.6,-179.83,-1.67,-1.31
168.1,-62.7,-10.4,-179.82,-0.35,0.61
228.1,-39,-6.6,-179.54,-2.95,0.78
225.8,-46.3,-9.7,-179.61,-1.46,-0.44
226.4,-44.9,-8.8,179.56,-2.67,0.96
196.5,-65.3,-2.7,179.23,-4.59,-1.76
185.3,-60.4,-10,179.17,-2.13,-0.26
187.3,-40.5,-9.2,179.79,-1.79,-0.17
171.1,-81.3,-9.1,179.59,-0.67,-1.14
208.3,-64.1,-5.7,179.79,-1.4,1.14
214.5,-42.1,-6.2,-179.75,-2,1.13
184,-51,-12.3,-178.73,-1.57,-0.87
230.8,-40.8,-8.1,179.93,-2.56,1.22
207.8,-40.3,-6,179.79,-1.78,1.84
210.1,-39.9,0.9,-179.85,-4.57,2.44
159.8,-39.5,-8.1,179.91,-0.63,0.35
250.7,-31.7,-8.2,179.84,-1.35,-1.05
207.9,-39.4,-6.7,179.92,-2.31,0
234.6,-60.7,-6.3,-179.76,-3.16,-0.44
176.3,-64.9,-9.1,-179.91,-0.35,0.17
238.7,-26.6,-7,-179.29,-2.73,-0.18
192.4,-72.7,-9.1,-179.89,-3.87,-0.43
237.5,-30.7,-4.6,-179.33,-2.48,0.87
184.8,-30.4,-6,-179.39,-2.57,1.04
177.4,-40.7,-13.3,-179.68,-1.02,-0.35
172.1,-69.7,-10.9,-179.95,-1.67,-0.61
213.4,-49.2,-6.5,-179.98,-3.69,0.96
175.1,-65.1,-9.3,179.82,-0.52,-0.79
182.2,-65.5,-9.5,179.83,-1.58,-0.87
232.8,-57.8,-5.8,179.83,-1.75,1.14
247.1,-48.8,-6.1,179.95,-2.55,0.52
248.3,-60.2,-10.2,179.73,-2.29,-1.49
249,-27,-6.3,-179.99,-2.39,0.08
190.3,-39,-8.7,-179.91,-1.31,0
218,-55.8,-6.4,179.98,-1.67,-0.52
185.2,-56.6,-8.9,179.98,-1.67,-0.35
251.5,-35.2,-4.7,-179.88,-2.45,1.75
205.2,-57.8,-6.3,-179.98,-2.63,-0.7
241.9,-34.1,-6.1,-179.75,-2.89,0.51
241.1,-32.3,-6.3,-179.69,-2.7,0.95
199.2,-72.7,-7,179.08,-2.27,-1.66
162.7,-52.1,29.6,179.37,-1.35,0.96
235.7,-46.7,-6.5,-179.65,-2.26,-0.09
256.9,-60.9,-5.9,179.62,-2.47,-0.96
211,-55.9,-5.5,179.74,-2.47,-0.08
251.7,-18.5,-5,-179.62,-3.32,0.95
170.3,-64.1,-10.9,-179.59,-3.68,-1.23
197.4,-37.5,-11.1,-179.2,-1.31,-0.08
188.6,-64.9,-12.1,-179.37,-1.66,-0.79
174.8,-38.9,-10.3,179.6,-1.9,1.66
224.6,-53.6,-5.6,179.88,-1.32,-0.26
168.2,-62.3,-13.3,-179.63,-1.05,-0.26
165.2,-49.6,25.1,-179.69,0.81,1.23
236.2,-63,-5.1,-179.54,-1.04,-0.61
238.3,-44.4,-7.1,-179.22,-2.68,1.13
212.1,-64.3,-7.7,-179.53,-3.51,-0.7
175.6,-47.6,-7.9,-179.37,-2.59,0.96
163.2,-70.1,-10,-179.57,-0.54,-0.52
205.6,-70.4,-10.9,-178.98,-1.08,-0.26
203.2,-48.4,-6.8,-179.76,-0.95,0.87
177.1,-59.8,-9.2,-179.61,-0.68,-1.31
253,-22.5,2.6,-179.63,-3.68,-0.28
259,-49.7,-6.4,-178.98,-3.1,-1.14
259.4,-49.4,-2.2,-179.14,-3.55,-0.79
180.4,-53.5,-8.4,-179.18,-1.7,-0.79
238.6,-55.6,29.6,-179.46,-0.15,-0.17
191,-41.2,28.7,-179.59,-1.19,0.08
159.8,-64.9,-10.8,-179.82,0.08,-0.17
165.6,-64.8,-10.4,-179.91,0.17,0
252.2,-44.1,-2,-179.75,-2.53,0.96
239.4,-44.9,-7.6,-179.5,-2.43,0.96
168.8,-41.2,-11.1,-179.61,-0.21,0.08
222,-40.2,-6.4,-179.49,-1.17,-1.49
202.8,-70.7,-7.6,-179.87,-2.02,-0.7
204.4,-69.3,-10,-178.45,-1.44,-0.7
163.7,-62.1,-5,-179.71,-1.84,-0.17
240.8,-49.1,23,179.87,0.69,0.61
191.2,-52.1,-12.4,179.96,-1.14,0.61
233.4,-65.7,-7.7,179.73,-2.28,-0.52
221.4,-65.9,-9.3,-179.3,-2.63,-0.7
216.4,-49.8,-6.7,179.82,-2.74,0.08
210.3,-60.4,-9.2,-179.81,-2.71,-1.32
198.5,-37.8,-10,-179.49,-3.48,0.69
254.9,-31.5,-6.7,179.32,-1.76,0.61
234.4,-63.5,-5.6,-179.28,-2.81,-0.35
253.8,-43.4,-3.2,-178.99,-2.83,0.17
236.8,-67.1,-3,-179.64,-2.72,-1.05
190.1,-73.7,-9.8,-179.84,-2.11,-0.34
243.7,-58.7,-4,-179.71,-2.63,0.61
172.7,-60.1,-12.4,-179.88,-2.1,0.35
225.1,-32.7,-6.8,-179.57,-3.13,0.25
228.8,-64.6,-5.9,-179.76,-3.07,-1.4
162.6,-80.1,-9.8,-179.96,-1.5,-0.34
159.6,-78.7,-12.2,-179.9,-1.23,-1.49
183.2,-80.9,-5.1,-179.94,-2.29,-0.17
188.3,-81.5,5.3,179.62,-7.28,-1.1
255.6,-41.7,-7.3,-179.04,-2.04,0.34
200.9,-58.8,-7,-179.72,-0.87,0.17
233.7,-29.6,-6.4,-179.38,-2.93,-0.09
246.2,-70.9,-8.6,-179.93,-2.28,-1.14
219.7,-44.8,-6,-179.6,-2.26,1.57
239.7,-43.2,-7.7,-179.73,-1.82,-0.61
200.9,-71.4,-6,179.94,-1.49,-0.35
224.2,-64.7,-9,179.97,-1.93,0.26
172.1,-60.1,-7.1,-179.88,-2.54,0.52
218.4,-37.2,-8.5,-179.27,-2.66,0.87
252,-25.2,-5.9,-179.17,-3.43,0.86
241.5,-52,-7.2,-179.49,-2.7,-0.53
198.6,-62.5,-6.8,-179.73,-1.75,0
233.7,-48.9,-4.6,-179.66,-1.56,0.79
208.2,-63.1,-10.2,-179.61,-2.01,-1.05
243.4,-63.3,-6.1,-179.85,-3.16,-1.05
234,-54.1,-7.9,-179.47,-3.59,0.87
196.7,-44.1,-5,-179.52,-2.24,0.17
219.5,-42.1,-5.1,-179.91,-1.84,0.17
159,-38.8,-8.3,-179.87,-0.78,0
179,-62.7,-12.1,-179.18,-1.03,-1.23
158.5,-75.1,-9.6,179.48,-1.02,-0.08
211.3,-46.5,-10.2,179.95,-2.29,1.4
171.2,-44.7,-11.8,-179.77,-2.8,1.66
196,-35.2,-10.3,-179.45,-3.91,1.65
203.7,-38.3,-10.2,-179.92,-2.91,0.51
168.8,-56.9,-12,179.76,-1.95,-1.05
247,-69.3,-7.9,179.62,-1.92,-0.61
196.4,-41.6,-7.8,179.91,-1.6,-0.09
209.2,-49.2,-7,-179.97,-2.11,-1.4
242.5,-46.4,-3.8,179.97,-0.88,0.17
258.8,-52.5,-8.2,179.9,-2.64,-1.23
245,-52.3,-7.2,-179.59,-2.17,-1.05
170,-58.9,-9.7,179.79,-2.02,-0.17
185.8,-68.6,-11.1,-179.06,-1.34,-0.52
231.9,-44.2,-5.3,179.79,-1.95,0.61
226.8,-24.9,-9.6,179.95,-2.58,1.13
235.5,-33.9,-6.3,179.93,-4.53,-0.72
174.5,-63.9,-5.7,179.3,-2.2,-0.26
179.6,-79.3,-8.1,179.28,-0.12,-0.35
179.4,-49.2,-9.8,179.71,-0.81,-0.08
164.3,-42.3,-6.3,179.92,-1.77,1.31
221.6,-44.7,-6,-179.2,-2.56,-1.14
215.3,-45.8,-9.6,-179.05,-2.28,-1.32
170.3,-44.5,-10.6,-179.35,-1.96,0.52
184.7,-73.7,-12.6,-179.69,-0.98,-0.26
164,-76.9,-7.5,179.96,-1.49,0.17
178.5,-80.5,-12.3,-179.97,-1.59,-0.17
191.6,-45.9,-8.9,-179.86,-2.1,1.57
231.2,-30.8,-5.3,-179.67,-2.35,0.25
209.8,-59.5,-6.5,-179.91,-2.19,-1.05
211.8,-51.1,-6.1,-179.93,-1.66,1.22
235.9,-19.2,-8.3,-179.63,-2.52,0.69
163.8,-36.8,-11.9,-179.82,-0.5,-0.7
250.2,-61.1,-9.7,179.95,-2.28,-0.44
179.8,-85.7,-5.1,179.86,-2.01,-0.61
206.8,-45.7,-8.6,-179.41,-2.69,1.84
252.9,-63.1,-5.2,-179.64,-2.72,-0.17
164.1,-84.9,-10.1,-179.89,-1.34,-0.52
168.2,-40.4,-8.5,-179.71,-0.14,1.4
230.9,-56.1,-8.9,-179.69,-1.04,-0.26
192.2,-52.3,-8.4,-179.62,-1.82,-0.08
247.9,-65,-7.6,-179.73,-1.93,-0.61
182.6,-59.8,-7.7,-179.73,-0.25,0
173.6,-44.5,-8.5,-179.84,-1.39,0.17
244,-64.4,-5.9,-179.88,-1.84,-1.14
199.7,-68.5,-7,-179.92,-0.96,-0.79
238,-29.5,-8.2,-179.78,-2.27,0.69
216.6,-37.5,-10.7,-179.24,-3,-0.71
185.7,-32.9,-12.8,179.01,-2.36,1.48
161.2,-44.1,-11.4,-179.56,-0.65,-0.61
204.2,-43.9,-4.5,-179.4,-2.14,-0.97
222.4,-36,-5.6,-179.24,-1.94,0.61
175.4,-77.3,-12.6,-179.47,-1.9,0.7
188.2,-55.5,-6.5,-179.55,-2.72,2.19
215.9,-54.5,-5.4,-179.61,-1.39,0.87
175.7,-82.5,-12,-179.19,-1.75,-0.87
201.9,-37.2,-8.6,-178.27,-2.9,1.04
242.5,-56,-6.7,179.55,-2.73,0.08
231.4,-49.6,-6.4,179.69,-3.35,1.13
161.5,-61.2,-9.2,179.65,-0.62,0
225.7,-39.7,-8.2,-179.41,-1.98,1.75
224.1,-46.6,-7.8,-179.22,-3.37,0
191.5,-49,-11.8,-178.89,-3,-0.09
206.9,-36.8,-10.5,-179.65,-2.61,-0.09
239,-48.4,-7.2,-179.83,-2.63,-0.09
170.2,-80.4,-9.6,179.9,-1.22,-0.96
170.1,-27.2,-8.3,-179.88,-0.69,2.98
167.2,-60,-10.1,179.99,0.17,0.35
196.9,-45.1,-8.7,-179.72,-2,0.17
200.1,-68.2,-7.8,-179.91,-2.37,-1.4
167.6,-66.9,-11.1,-179.93,-1.67,-0.52
242.7,-42.9,-3.7,-179.69,-1.91,0.87
236.9,-32.6,-9.6,-178.99,-2.35,0.17
247.2,-57.8,-8.8,-179.67,-2.27,-0.26
210.4,-52.2,-6.4,-179.56,-2.18,0.78
163.5,-44.7,-11.1,-179.68,-0.49,0.43
175.8,-43.2,-14.7,-179.1,-2.55,0.34
177.4,-40.9,-11.5,-179.35,-2.66,-0.79
246.3,-59.8,-4.1,-179.74,-1.21,-2.72
201.9,-71.4,-8.1,-179.93,-3.51,-1.84
245.5,-37.7,-7.3,-179.81,-2.54,-0.09
169.3,-84.5,-9.9,179.77,-1.3,-0.87
251,-25.8,-7.7,-179.81,-2.46,0.34
169.4,-48.3,-11.2,179.66,-0.12,-1.14
198.5,-45.6,-5.8,179.78,-1.34,-0.7
240.5,-38.4,-7.8,-179.53,-3.57,-0.01
164.2,-77.5,-13,-179.82,-1.24,-0.7
176.4,-46.8,-10.7,-179.93,-1.14,2.1
196.2,-37.1,-8.5,-179.88,-2.02,2.01
207.6,-47.6,-9.1,179.85,-2.92,-1.32
236.2,-34,-4.7,179.83,-2.32,0.43
248.5,-53.4,-4.6,179.26,-2.33,-1.14
238.1,-64.3,30.2,-179.39,-0.8,0.7
203.8,-44.7,-9.5,-178.84,-3.52,0.69
241.5,-20.6,-4.3,-179.21,-2.54,0.51
158.6,-47.8,-14,-179.6,-1.28,0
217.1,-54,-9.3,-179.78,-2.62,-0.35
228.3,-46,-5.1,-179.88,-1.93,0.96
188.8,-49,-8.6,-179.91,-1.4,0.78
170.1,-69.1,-10.7,179.33,-2.27,-0.52
158.3,-62.9,-11.2,179.37,-0.34,1.23
247.6,-47.1,27.3,179.57,-0.28,0.87
197.8,-72.8,-7.9,179.91,-2.37,-0.61
238.2,-54.7,31.2,179.94,-1.32,0.61
205.4,-43.7,-10.7,-179.76,-1.83,0.87
181,-46,28.5,179.96,-1.59,0.7
230.6,-41.1,24,179.77,0.51,0.7
187.8,-37.6,-5.5,-179.77,-1.56,0
224.5,-49.4,-5.3,-179.54,-1.46,-0.44
174.8,-52.5,-12,-179.57,-2.34,-0.44
253.5,-40.5,-4.5,-179.61,-2.43,0.34
174.5,-60.3,-10.4,-179.85,-1.31,-1.31
179.9,-64.9,-9.3,-179.9,-1.05,-0.79
165.1,-42.7,-9.9,-179.93,0.18,0.43
169.5,-42.4,-10.8,179.88,0.95,0.35
194.2,-61.2,-8.1,-179.87,-2.28,-0.35
156.5,-70.1,-11.1,-179.92,-0.26,0
251.9,-58.7,-9.2,179.97,-2.37,1.75
231.7,-23.5,-5.3,-178.77,-2.81,-0.36
174.1,-27.3,-6.3,-178.83,-1.98,-0.7
226.3,-31.1,21.5,-179.63,0.58,0.08
247.9,-21.9,25.3,-179.4,0.18,0.7
242,-62.8,-4.4,-179.22,-3.85,-1.05
168.6,-57.5,28.6,-179.7,-1.22,0.61
227,-25.7,-6.8,-179.4,-2.13,0.69
176.2,-43.7,-10.3,-179.92,-0.69,0.08
159.3,-45.6,-9.3,-179.96,-0.34,0.08
180.1,-67.6,-13.1,-178.71,-2.04,-0.7
178,-67.5,-15.2,-179.03,-0.19,-0.7
191.8,-59.4,-8,-179.47,-2.46,1.05
258.9,-28.4,-2.9,-179.12,-3.16,-0.09
247.3,-62.4,-7.7,-178.78,-2.6,-1.49
258.3,-45.2,-5.1,-179.7,-3.15,0.25
160,-38,-11.7,179.32,0.33,0.26
233.5,-52.6,-5.5,179.73,-1.25,-1.23
168.3,-73.5,-10.5,179.67,-1.12,0
193.1,-38.2,-9.2,179.95,-2.12,1.75
167.5,-41.4,-6.6,-179.69,-1.82,0.87
224.1,-64.9,-5,-179.82,-1.84,-0.26
190.2,-46.3,-9.5,-179.46,-1.37,1.31
180.3,-62.2,-10.8,-179.53,-1.66,-0.52
178.8,-24.8,-8.5,-179.04,-1.69,1.66
188.2,-50.7,-10,-179.05,-2.04,-0.52
163.6,-63,26.3,-179.56,0.26,-0.61
241.5,-35,-4.6,-179.58,-2.34,0.96
176.5,-53.6,-5.6,-179.77,-1.92,-0.88
166.5,-54.2,-8.6,-179.88,-0.43,-0.87
211.2,-41.8,-10.9,-179.28,-2.05,0.52
235.5,-45.2,-8.8,-179.49,-2.07,0.08
186.3,-70.5,-8.4,179.57,-3.59,-0.96
178.8,-41.3,-12.8,179.74,-0.99,1.4
214.3,-42.2,-9.1,-179.98,-3.53,-0.09
218,-54.4,-7,179.78,-3.88,-0.88
203.6,-55.6,-11.9,179.73,-1.59,-0.79
216.4,-35.4,-10.4,-179.93,-2.82,0.87
214.7,-35.5,-12,179.45,-2.98,1.22
177.9,-76.1,-12.7,179.55,-2.18,-1.49
211,-46.3,-8.4,179.95,-4.49,0.86
177.4,-76.6,-9.2,179.86,-2.28,-0.87
170.8,-81,-7.9,179.89,-2.37,-1.05
189,-64.8,-8.9,-179.32,-1.67,0.17
184.2,-39.1,-9.5,-179.42,-0.98,0.17
217.2,-41.4,-6.4,-179.47,-2.41,-0.35
244.2,-60.3,-3,-179.87,-1.31,-1.05
238.8,-28.5,-9,-179.64,-1.81,0
256,-47,-7.6,-179.89,-2.37,-1.05
235.8,-60.8,-6.8,-179.44,-2.63,-0.08
206.8,-72.6,-8.6,-179.99,-3.34,-1.14
208.6,-52.5,-6.6,-179.83,-2.63,1.22
205.5,-55.8,-6,-179.87,-1.13,0.35
249,-69.7,-4.9,-179.76,-2.2,-0.7
178.4,-57.8,-9.1,-179.8,-0.69,0
198.5,-71.1,-8.4,-179.76,-2.63,-1.58
242.1,-72.7,-3.1,-179.59,-1.94,-1.4
184.4,-46.2,-9,-179.51,-0.66,1.05
225.7,-60.2,-6.3,-179.52,-1.03,-1.14
191.8,-64.3,-6.1,-179.7,-2.45,-1.05
243.3,-54.3,-7,-179.29,-2.7,0.08
186.1,-38.4,-6.3,-179.61,-0.92,0.7
210.4,-56.7,-6.2,-179.69,-0.86,-0.87
204.8,-56.9,-6.6,-179.66,-1.65,-0.61
162.4,-47.4,-11.2,-179.68,-0.59,1.14
241,-53.5,-8.2,-179.99,-1.4,-1.31
206.7,-55.2,-6.9,-179.88,-1.93,-1.05
183.2,-29.3,-11.5,-179.43,-2.22,3.15
203.4,-61.2,-6.9,-179.62,-1.92,-0.17
179.2,-69.1,-12.8,-178.89,-1.52,-0.61
206.6,-39.9,-9.7,-179.33,-3.55,1.48
165.1,-38.8,-12,-179.65,0.05,-0.17
240.3,-15.6,-7.4,-179.64,-1.45,1.22
192.5,-52,-5.2,-179.52,-2.42,-1.49
231,-35.1,-5.4,-179.45,-2.41,0.52
248.1,-40.5,-8.1,-179.92,-2.2,-1.14
246.7,-67.9,-4.7,179.93,-3.16,0.08
249.2,-58,-4.9,179.99,-4.04,1.31
255.4,-34.2,-4.3,-179.62,-3.49,0.51
169.2,-49.4,-10,-179.8,-1.39,0.17
236.2,-36.8,-6.7,-179.3,-2.49,0.6
204.7,-59.9,-9.9,-179.47,-2.26,-1.32
217.9,-63.2,-4.7,-179.78,-2.63,-0.79
222.4,-68.6,-6.6,-179.66,-3.42,-1.05
178.8,-31.9,-9.1,-179.55,-0.55,1.4
253.2,-46.9,-5.9,-179.59,-1.64,-1.05
234.7,-47.5,-5.5,-179.58,-2.87,-0.88
175.1,-26.2,-10.4,-179.36,-2.56,2.27
170,-79.2,-10,-179.96,-1.67,-0.34
250,-37,-9.7,-179.55,-2.51,-0.09
231.5,-32,-9.2,-179.54,-1.88,-0.44
233.9,-27.9,-5.1,-179.94,-3.45,0.6
255.8,-40.4,-6.5,179.8,-2.66,0
221.3,-48.7,-5.3,179.9,-2.12,-0.7
255.7,-59.5,-4.5,179.92,-3.07,0.7
228.3,-67.1,-9.5,-179.82,-1.75,-1.05
193.1,-75,-8.6,179.98,-2.19,-0.78
208.5,-59.9,-8.4,-179.81,-2.46,2.81
246.7,-37.6,-5.6,-179.4,-3.21,1.66
242.4,-22.8,-10.8,179.92,-1.08,-0.17
197.1,-56.5,-7.7,-179.2,-1.81,-0.88
207.2,-50.6,-6.9,-179.36,-1.81,0.17
246.8,-62.4,-8.1,-179.72,-1.66,-0.35
237,-35.2,-10.4,-179.19,-2.11,-0.61
234.5,-40.6,-7,179.99,-3.8,-0.8
181.8,-55.7,-10,-179.71,-1.83,-1.14
214.7,-36.2,-7.2,-179.5,-2.51,2.01
187.8,-36.5,-11.7,-179.49,-1.97,1.22
195.2,-56.6,-8.6,-179.64,-1.91,-0.88
173.1,-57,-12.1,-179.6,-1.57,0.52
244,-54.4,-5.9,-179.48,-2.8,0.52
224.8,-54.8,-5.1,-179.43,-3.14,-0.17
222.9,-27.3,-7.7,-178.85,-2.4,0.96
179.9,-31.8,-10.2,-179.68,-0.3,0.52
192.7,-45,-8.7,-179.54,-1.44,-1.93
183.2,-51.6,-9.3,-179.85,-0.87,-0.26
245.5,-48.7,-6.7,-179.79,-1.74,-0.35
240.3,-48.2,-4.4,179.91,-2.64,-0.09
192.6,-62.8,-8.9,179.94,-2.02,-0.7
165.5,-69.3,-9.2,179.9,-0.26,-0.7
182.4,-38.7,-12.2,-179.61,-1.99,1.84
239.8,-31.6,-7.5,-179.61,-2.43,0.6
178.5,-78,-9.3,-179.9,-1.15,-0.52
252,-36.4,-8.3,-179.24,-1.42,0.43
154.8,-68.5,-11.6,-179.91,-0.26,-0.96
245.1,-31,-6.9,-179.4,-1.62,2.28
247,-69.9,-9,-179.7,-2.46,-0.26
254.5,-52.2,-3.9,-179.56,-1.91,0.08
179.4,-75.3,-8.6,-179.69,-1.15,-1.58
240.9,-71.5,-7.5,-179.58,-2.83,0.26
208.4,-44.4,-8.4,-179,-2.38,0.34
197.3,-45.2,-11.9,-178.57,-1.2,0.26
239.1,-55.5,-6.9,-179.62,-2.71,-0.44
214.2,-47.6,-6.8,-179.62,-2.43,-0.35
255.9,-43.9,-5,-179.83,-3.07,-0.27
243.4,-46.3,-6.3,179.33,-2.86,0
236.3,-29.8,-4,-179.39,-2.59,2.71
192.2,-52,-10.5,-179.28,-1.71,-0.17
226.4,-42.2,-5.4,-179.25,-1.61,0.78
198,-38,-3.7,-179.03,-3.16,1.13
214.4,-44,-5.5,-179.34,-0.38,-0.26
212.4,-38.5,-9.8,-179.2,-2.29,0.17
174.2,-56,-10.1,-179.73,-0.16,0.26
240,-34.7,-7.1,-179.48,-2.33,0.78
242,-63.7,-6.4,179.99,-3.6,0
230.2,-32,-7.9,-179.19,-3,0.95
169.2,-30.9,-10.5,179.45,-0.45,1.14
204.4,-43.3,-11.6,179.67,-1.8,-0.79
188.8,-44.6,-5.2,179.92,-3.19,-0.71
166.7,-62.8,-10.1,179.74,-1.4,-0.17
198.8,-47.9,-11.8,179.73,-1.59,1.49
253.6,-32,-6.5,-179.54,-2.69,1.31
205.9,-56.3,-6.8,179.75,-0.62,0.08
200,-43.5,-1.2,-179.4,-4,-0.27
195.2,-61.9,-8.5,-179.62,-1.92,-0.35
233.8,-52,-4.2,-179.58,-1.56,0.52
212.7,-52.9,-9.2,-179.34,-3.05,0.34
249.3,-28.9,-5.7,-179.54,-3.39,0.33
186.3,-71.3,-7.7,-179.2,-3.62,-1.22
185.6,-71,-11.7,-178.82,-2.31,-1.22
197.5,-71.7,-7.1,-179.01,-2.66,-1.22
252,-36.2,-7.4,-179.42,-1.62,1.31
250.2,-65.4,-3.9,-179.63,-2.28,-0.87
167.7,-53.5,-10.9,-179.78,-0.78,0.26
253.8,-43.1,-4.6,-179.58,-2.17,0.7
191.3,-70.8,-7.9,-179.77,-2.02,-1.14
250.8,-36.5,-7.1,-179.54,-1.89,0.34
167.8,-48,-8,-179.72,-0.94,-0.52
203.3,-68.4,-10.4,179.53,-2.54,-0.7
177.7,-53.1,-9.7,179.37,-1.78,1.14
230,-61.9,-6.8,-179.89,-2.37,-0.17
252.6,-30.5,-7,179.74,-2.78,0.16
193.1,-52.6,-8.9,-179.67,-1.82,-1.58
173.5,-52.9,-10.4,-179.7,-0.59,0.17
244.6,-60.9,-6.2,-179.25,-2.18,-0.52
171.1,-57.1,-12.6,-179.32,-3.15,0.78
162.9,-62.6,-6.4,-179.65,-1.49,0.26
161.2,-37.1,-11.4,-179.76,0.21,1.14
179,-40.4,-12.6,-179.68,-2.17,-0.7
207.6,-60.4,-7.9,179.84,-3.87,-0.7
182.1,-40.8,-9.3,179.9,-2.39,1.04
200.1,-46.6,-10.5,179.99,-3.44,-0.8
176.2,-54,-6.9,179.84,-2.91,-0.7
237.8,-33.4,-5.9,179.86,-2.58,0.69
225.6,-34.3,-9.4,-179.71,-2.17,-0.09
224.4,-41.8,-9.2,179.58,-3.4,-0.71
254,-27.7,0.6,-179.68,-3.95,-0.19
218.2,-36,-6.9,-179.03,-2,-0.26
246,-51.5,-8.8,179.95,-2.29,-0.44
227.9,-66.6,-6.8,-179.32,-2.29,-0.26
172.1,-31,-7.1,-179.33,-1.68,3.51
199,-62.8,-10.4,-179.29,-1.93,0
225.4,-40.8,-7,-179.35,-3.47,0.87
193.3,-71.5,-6.9,-179.83,-2.38,-0.17
177.7,-35.5,-10.3,-179.43,-0.7,-0.35
229.5,-60.8,-3.6,-179.36,-1.21,-0.61
214.3,-36.5,-9.3,-178.54,-2.57,0.34
166.6,-31.6,-9.1,-179.15,-2.16,0.6
189.5,-62.3,-8.2,-179.7,-1.48,-0.79
210.3,-62.7,-9.1,-179.96,-2.72,-0.52
195,-73.2,-11,179.97,-2.55,-0.26
215.6,-50.3,-9.1,-179.18,-3.49,1.49
184.1,-81.1,-8.9,178.83,-2.19,-0.17
252.7,-41.4,-6.9,-178.76,-2.46,0.61
169.4,-53,-10.6,-179.59,-0.76,-0.79
256,-38.2,-5.6,-179.57,-1.54,-0.44
175.5,-56.1,-10,-179.98,-0.26,0.08
161.2,-60.9,-11,-179.98,-0.35,-1.31
171.2,-78.9,-7.7,179.91,-1.05,-0.43
163.7,-64.9,-8.6,179.98,-0.61,1.31
224.5,-55.7,-5.4,-179.88,-1.05,0.52
216.7,-36.8,-10.1,-179.53,-1.19,1.75
245.6,-46.1,-5.6,-179.77,-3.15,0
172.6,-81.1,-10.1,-179.94,-1.32,-0.43
210.4,-51.7,-6.9,-179.7,-2.36,0.17
204.5,-43.6,-10.6,-179.55,-2.07,0.69
194.3,-65.4,-10.7,179.74,-2.46,-0.79
179.7,-64.9,-11.5,-179.89,-2.63,-0.79
231.9,-29.4,28.3,-179.98,-0.79,0.96
251.7,-27.3,-4.6,-179.41,-3.02,0.6
203.7,-55.5,-6.8,-179.86,-1.13,-0.08
225.9,-54.3,-8.6,-179.84,-1.66,0
180.5,-30.7,-8.4,-179.37,-2.74,1.39
161.9,-51.2,-8.4,-179.72,-1.21,-0.52
165.8,-35.7,-12.7,-179.37,-1.77,0.87
232.8,-24,-4.7,-179.61,-0.74,0.96
168.8,-79.3,-5.5,-179.94,-1.76,-1.31
182,-44.4,-13.6,-179.61,-1.46,1.22
241.4,-45.9,-9.4,179.94,-1.5,-0.52
248.4,-30,-5.6,-179.71,-3.68,0.68
251,-43.4,-6.2,-179.71,-2.53,0.08
235.1,-28.7,-6.1,-179.65,-2.08,1.4
199.1,-55.7,-9.7,-179.52,-2.01,1.14
183.1,-44.2,-13.5,-179.54,-1.1,0.87
182.1,-44.5,-14.1,-179.1,-0.09,0.7
248.3,-60.3,-3.9,-179.94,-2.46,-0.52
164,-38.7,-8.9,-179.7,-1.64,1.57
204.2,-50.9,-7.5,-179.83,-1.31,0.17
228,-45.1,-6.2,-178.75,-1.59,0.79
240.1,-69.9,-4.7,-179.39,-2.02,-1.31
202.8,-64.4,-8.5,-179.74,-1.75,0
172.6,-63.7,-13.5,179.9,-1.14,0.26
218.3,-28,-8.5,-179.5,-3.48,2.71
187.4,-63.3,-3.5,-179.89,-4.21,-0.17
216,-57.9,-7.1,-179.81,-1.49,0.96
177.6,-80.6,-12.6,-179.45,-1.64,-0.08
199.3,-51.1,-11.8,179.82,-2.03,1.05
251.9,-40.1,-8.3,179.57,-2.07,0.08
252.5,-39.3,-3,179.71,-3.55,0.25
177.6,-41.1,-9.8,179.45,-0.68,0.96
243.8,-21.9,-9.7,-178.67,-1.66,0.78
180.9,-51.6,-10.7,-179.7,-0.42,0.17
161,-77.6,-8.5,-179.86,-0.62,-0.79
248.1,-23.4,-5.8,-179.82,-0.59,1.4
249.2,-23.4,-6.8,-179.88,-1.49,1.4
215.3,-61.7,-8.9,179.69,-3.25,-0.26
166.7,-43.6,-12.1,179.58,-2.86,1.39
238.6,-35.4,-8.6,179.93,-2.74,0.96
243,-24.4,-7.6,179.22,-3.78,-0.19
254.9,-38,-5.4,-179.61,-1.9,-0.53
254.2,-47.7,-5.8,-179.66,-2.7,0.08
197.9,-73.5,-7.7,-179.74,-1.77,0
180.9,-58.6,-7.8,-179.55,-0.6,0.61
200.3,-40,-8,-179.82,-1.66,0.78
164.5,-78.1,-11,-179.82,-1.24,-0.96
180.1,-43.9,-13.7,-178.75,-1.03,0.7
231.5,-37.7,-6.3,-179.82,-1.66,0.52
229.3,-30.2,-7.8,-179.3,-2.73,-0.44
209,-45,-8.7,-179.87,-2.1,-0.7
241.2,-47,-7.7,-179.56,-2.52,-0.09
257.6,-54.9,-7.4,-179.71,-3.33,0
253.1,-54.7,-5.7,-179.71,-3.42,0.08
172.7,-68.7,-10.7,-179.75,-0.53,-0.26
202.7,-45.4,-9.5,-178.93,-1.93,-0.44
188.1,-33.3,-11,-179.24,-2.01,0.34
159.3,-54.6,-9.5,-179.22,-0.91,-1.31
225.1,-25.9,-5.9,-178.47,-1.18,0.43
258.1,-40.7,-7.8,-178.87,-2.54,-0.53
243.7,-48.8,-5.7,-179.19,-3.46,-1.23
245.1,-30.4,-7.5,-179.33,-2.75,1.22
241.8,-45,-9.1,-179.46,-1.89,-1.05
177.8,-35.8,-10.7,-179.18,-3.25,0.86
235.7,-27.2,-5.2,-179.55,-1.88,0.78
236.4,-49.2,-9.9,-179.73,-2.44,-0.79
195.1,-46.8,-5.6,179.45,-1.89,0.26
156.6,-75.3,-9.7,179.72,-0.24,-1.14
183.9,-61.4,-12.7,-179.28,-1.75,0.17
254.9,-28.1,-4.2,179.87,-2.49,0.87
191.6,-43.3,-9.2,179.81,-0.72,-0.35
249.9,-36.9,-4.5,-179.02,-1.56,-0.52
194.5,-50.1,-8.4,-179.63,-1.47,-0.08
181.3,-38,-12.4,-179.58,-1.27,1.49
213.6,-36.4,-9.7,-179.61,-2.52,0.69
191.5,-64.6,-9.2,179.92,-0.96,-1.4
259.7,-41.3,-5.9,-179.83,-2.98,0
259.1,-41.4,-5.9,179.57,-3.3,0.08
228,-60.6,-6,-179.91,-2.63,-1.05
229.8,-50.3,-9.3,-179.28,-2.52,0.87
168.5,-62,-5.9,-179.54,-1.84,-0.26
163.5,-50.1,-8.7,-179.52,-0.59,1.49
245,-53.9,-5.2,-179.42,-1.38,0
210.4,-47.8,-3.2,-179.49,-3.22,-0.09
202.9,-72.7,-3.6,-179.56,-2.63,-2.63
168,-85.8,-12.6,-179.24,-1.39,-2.28
237.6,-30.7,-7.7,-179.15,-3.34,-0.36
225.2,-62,-4.4,-179.92,-3.16,-0.96
227.7,-61.9,0.6,-179.83,-3.51,-0.96
248.2,-28.9,-6.6,-179.29,-3.18,0.07
178.2,-37.2,-11.2,-179.71,-0.66,-0.61
176.6,-52,-9.1,179.94,-1.15,-2.46
241.7,-32.7,-7.9,-178.99,-2.26,-0.18
236.4,-31.1,-6.7,-178.75,-2.67,0.08
228.3,-29.4,-9.7,-178.72,-2.22,0.69
215.7,-60.9,-8.8,-179.36,-3.93,-0.97
191.9,-50.7,-9.1,-179.38,-1.55,0.61
213.2,-62.4,-6.2,-179.64,-0.87,-0.08
213.3,-59.9,-6.5,-179.72,-0.25,-1.4
257.4,-48.2,-6.4,-179.58,-2.7,0.08
208.6,-35,-6.9,-179.78,-1.83,1.22
189.6,-44.7,-6.3,-179.75,-2.09,-0.97
236.7,-40.9,-6.5,-179.65,-1.64,-0.26
171.6,-80.6,-10.5,-179.82,-0.98,-0.43
208.9,-48.5,-7.2,-179.65,-1.21,0.35
183.1,-62.6,-5.8,-179.71,-1.22,-0.61
240.3,-41.2,-7.5,179.54,-2.32,1.57
253.6,-55,-5,179.88,-1.67,0
170.6,-65.6,-9.5,179.82,-1.4,-0.79
204,-52.8,-10.5,-179.24,-2.09,1.4
249.4,-55.3,-4,-179.84,-2.72,0.43
167.9,-57.9,-11.9,-179.87,-1.4,0.43
202.3,-43.7,-12.2,-179.88,-1.22,0.08
238.4,-31.5,-5.6,-179.73,-1.91,-0.18
227.8,-49.7,-8.8,179.92,-2.29,-1.23
182.3,-48.4,-11.1,-179.85,-0.69,-0.17
245.4,-27.2,-8.5,-179.66,-1.72,0.43
247,-51.5,-7.4,-179.64,-2.79,-0.97
175.4,-30.7,-10.1,-179.86,-0.24,0.52
230.3,-40.9,-7.8,-179.21,-2.48,-0.35
177.4,-63.8,-11.2,-179.81,-0.61,-0.96
169.2,-73.5,-12.5,-179.99,-1.14,0.7
222.1,-66.7,-6.1,179.61,-0.77,1.58
198.7,-49.6,-11.2,179.55,-1.69,1.4
196.4,-66.5,-11,179.45,-2.63,-0.35
175.7,-79.1,-7.1,179.25,-2.67,-0.34
212.9,-51.5,-7.2,-179.67,-1.83,1.4
205.4,-51.1,-7.6,-179.41,-2.6,0.17
187.5,-76.3,-12.1,-179.56,-1.52,-0.7
171.1,-36.8,-7.3,-179.15,-2.9,1.13
171.7,-40.5,-12.4,-179.58,-1.71,-0.09
176.8,-39.5,-10.9,-179.73,-0.67,0
246.4,-64.1,-7.2,-179.54,-1.66,-0.96
185.3,-36.5,-9.8,-179.5,-0.99,0.08
240.4,-20.9,-6.9,-179.38,-2.12,0.87
164.9,-61.8,-11.3,-179.95,-1.75,-0.87
207.7,-41.8,-8.8,179.59,-2.5,1.22
207.8,-43.4,-6.3,179.97,-3.35,1.48
158.8,-57.8,-11.4,179.74,-0.19,-1.58
241.3,-26.7,-5.2,179.92,-1.87,0.52
177.2,-79.9,-10.3,179.63,-1.47,-1.31
188.3,-40,-11.6,-179.82,-2.36,2.89
181.5,-27.5,-11,-179.83,-2.11,2.45
178.6,-45.7,-10.4,-179.99,-1.76,0
234.7,-55.6,-5.7,179.86,-1.06,-0.17
215.9,-35.1,-7.2,-179.95,-2.02,1.31
166.3,-46.9,-5.2,-179.9,-2.46,-0.53
195.2,-44.3,-12.9,179.93,-1.06,0
205.5,-58.7,-9,179.68,-3,-0.96
200.5,-53.5,-12.2,-179.49,-1.38,-0.08
218.1,-64.3,-10.5,-179.91,-2.1,-0.17
172.1,-50.7,-13.9,-179.83,0.18,1.31
240.4,-42.7,-5.3,-179.59,-1.55,-0.35
243.8,-66.1,-8.3,179.83,-2.19,-0.79
201.5,-39.9,-8.6,-179.86,-1.13,-0.08
177.4,-28.4,-9.6,-179.71,-0.57,1.14
200,-59.4,-9.7,-179.21,-1.63,-2.02
191.9,-73,-12,-179.85,-1.76,-1.84
184.1,-65,-10,179.71,-1.66,0.35
254.3,-56.8,-6.6,179.53,-2.56,0.08
206.3,-43,-5.5,179.89,-2.83,0.87
228.1,-39.2,-9.2,-179.04,-2.55,0.34
239.8,-37.6,-4.9,-178.94,-2.63,0.43
248.4,-57.6,-7.6,179.61,-2.73,0.17
170.1,-34.1,-11.3,-179.78,0.3,0.79
165.7,-64.1,-10.8,-179.99,-0.26,-2.1
231.8,-31.5,-6,-179.65,-0.57,0.43
205.4,-58.5,-11.6,179.81,-1.59,-1.31
258.4,-47.8,-5.6,-179.62,-3.23,0
196.3,-56.6,-7.1,-179.76,-1.13,-0.96
160.7,-70.9,-11.1,-179.48,-0.2,0.35
214.9,-32.2,-10.2,-179.03,-1.48,1.75
197.7,-65.1,-8.6,-179.92,-2.19,-0.26
176.3,-51.7,-10.7,-178.78,-1.97,1.31
228.5,-31.5,-6.7,-179.29,-2.03,0.78
173.2,-26.3,-10.2,-179.56,-0.8,0.78
161.1,-53.1,-12.2,-179.73,-0.06,-0.79
185.6,-70,-10.2,-179.79,-2.37,-0.78
242.9,-24.8,-7.7,-179.66,-2.7,0.34
184.5,-43.4,-9.1,179.79,0.23,-0.79
175.1,-44.5,-9.1,179.95,-1.15,0
233.3,-63.2,-5.8,-179.82,-1.49,0
175.6,-84.6,-9.9,-179.78,-1.26,-0.61
254.4,-63,-6.7,-179.6,-2.81,0.96
252.3,-36.7,-10.3,-179.48,-2.51,0.43
203.7,-55.1,-11,-179.59,-2.35,-1.05
202.8,-55.6,-12.5,-179.5,-1.11,-0.87
185.9,-32.3,-9.1,179.62,-1.93,0
225.9,-50.1,-6.3,179.39,-0.13,-0.96
177.4,-59.4,-8.1,179.52,-1.42,-0.79
160.8,-62.8,-9.4,179.48,-0.45,-0.96
178.6,-64.4,-12.7,-179.54,-1.31,-1.05
167.7,-38.8,-7.6,179.49,-2.45,1.92
225.8,-54.8,-10,179.96,-1.05,-0.52
205.7,-37.8,-7.4,179.16,-3.42,2.27
249.7,-36.1,-6.8,-179.4,-2.41,0.52
217.6,-62.7,-7,-179.6,-2.01,-1.23
245.9,-21.5,-5,-179.44,-2.4,0.95
233.5,-60.8,-9.1,-179.88,-2.19,-0.17
233.4,-60.1,-8.6,-179.95,-3.33,0
212.4,-46.6,-4.6,-179.96,-2.02,0.96
189.8,-54,-10.4,-179.83,-1.22,-0.79
178.3,-75.4,-9.4,-179.91,-1.58,-0.61
183.1,-75.7,-9.4,-179.9,-1.32,-0.26
249.4,-59.3,-7.2,-179.65,-2.11,1.14
217.4,-39.2,-7.1,-179.66,-1.55,0.61
172.9,-32.4,-7.9,-179.63,-1.09,0.7
204.1,-40.3,-12.5,-179.22,-1.13,-1.31
166.5,-45,-9.1,179.82,-3.3,-1.15
238,-36.1,-9.2,-179.67,-1.28,0.08
166.4,-66.7,-10.1,179.64,-0.25,-0.08
226.2,-67.7,-6.4,-179.83,-0.44,-0.17
172.9,-29.5,-6.7,-179.52,-1.7,1.66
224.2,-54.5,-6.4,-179.61,-0.86,-0.26
235.5,-45.6,-8.3,-179.51,-2.96,0.08
155.2,-59.4,-12.3,-179.82,0.09,-1.14
171.6,-53.8,-14,-179.44,-0.59,0.61
193.6,-52.5,-8.6,-179.56,-1.91,0.78
247.4,-27.4,-7.1,-179.38,-2.22,1.75
245.4,-41,-7.4,-179.82,-2.54,-0.53
230.3,-58.3,-9.3,-179.4,-2.35,-0.52
195.3,-58.6,-7.2,179.27,-2.21,-0.08
160.1,-66.3,-10.5,179.64,-0.17,-0.79
179.2,-57.1,-11.7,179.66,-1.76,1.49
243.3,-36.8,-7,-179.8,-2.89,0.69
182.9,-82.8,-9.6,179.85,-1.66,-1.05
172.5,-41.6,-9.9,-179.99,-0.88,1.66
237.9,-41.5,-8.1,179.97,-2.47,-0.09
254,-59.7,-9.3,179.7,-2.11,-0.61
175.6,-70.1,-4.5,179.66,-2.27,-0.43
197.2,-52.9,-8.2,-179.68,-1.39,0.79
194.9,-62.3,-12.4,-179.35,-1.65,-0.79
244.6,-25.5,-8.8,-179.57,-2.69,0.07
232.9,-27.8,-5.6,-179.69,-2.53,0
185.1,-80.2,-6.6,179.79,-2.36,-2.28
241.3,-62.8,1.3,179.68,-2.71,1.31
239.4,-27.5,-8.6,-178.85,-2.22,-0.18
240.9,-63.9,-6.8,-179.75,-2.36,-1.75
164.8,-50.8,-11.8,179.96,-2.2,0.78
221.4,-48.2,-11.5,-178.21,-1.73,-0.08
234.9,-49,-9.8,-179.85,-2.19,-0.17
170.5,-58.2,-10.9,179.91,0,0.17
158.4,-72.5,-9.9,179.9,-0.08,-0.52
160.1,-61,-14.1,179.56,-0.7,0.61
251.1,-25,-4.9,-179.47,-1.25,0.87
228.8,-59.7,-10.2,-178.87,-2.69,-0.88
174.7,-66,-6.8,-179.59,-2.55,-0.17
166.4,-54,-10.9,-179.66,0.45,1.31
254.2,-57.1,-5.4,-179.9,-0.43,-0.17
174.8,-34.9,-11,-179.76,-0.31,0.17
159.5,-53.5,-11.5,-179.86,0.45,-1.49
251.1,-48.2,-4.7,-179.73,-0.06,-0.52
176.3,-45.5,-11,-179.6,-0.4,0.35
162.5,-46.6,-7.4,-179.54,-1.1,0.43
230.9,-49,-5.7,-179.61,-0.4,-1.23
182.5,-47.3,-10.4,-179.59,-0.58,0.26
165.2,-41,-9.2,-179.7,-0.23,1.14
236.1,-31.7,-5.3,-179.66,-0.58,1.05
179.3,-78.5,-6.2,-179.81,-1.07,-0.43
249,-57.9,-7.8,-179.89,-1.05,0.52
172.1,-30.2,-11.2,179.99,-0.44,1.05
188.8,-77.2,-10.6,-179.77,-1.67,-2.81
190.3,-41,-7.5,-179.59,-1.19,0
164.8,-83.9,-10.1,-179.73,-0.02,-0.61
237.3,-44.9,-8.6,-179.41,-1.89,0.08
247.2,-41.6,-9.1,-179.4,-2.07,0.7
168.2,-81.6,-10.4,-179.71,-0.73,-0.7
182.7,-51.5,-9.9,-179.71,-0.6,1.58
239,-59,-5.8,-179.62,-1.04,-0.43
242.7,-41,-4.7,-179.52,-2.42,0.34
253.9,-47.1,-8.3,-179.86,-2.01,-0.17
171.2,-51.9,-9.7,-179.97,-0.43,0
224.8,-31.4,-6.4,-179.36,-1.86,-0.26
173.1,-50.5,-11.5,-179.56,-2.16,-0.26
256.2,-53.3,-7.6,-179.57,-2.09,0.08
169.8,-74.2,-9.2,-179.73,-1.77,-0.87
233.7,-41.3,-9.2,-179.06,-0.81,1.4
160.2,-63.3,-8.2,-179.9,-1.75,-0.08
225.6,-29.8,-6.4,-179.38,-0.63,1.31
247.7,-64.3,-9.2,-179.26,-2.18,-1.14
176.4,-38.7,-8.4,-179.61,-1.01,1.14
243.1,-66.8,-9.9,179.91,-0.87,-0.7
256.9,-33.9,-7.5,-179.52,-2.59,0.08
192.2,-72,-8.6,-179.73,-1.94,0
169.1,-49.3,-9,-179.68,-0.77,1.14
244.5,-68.6,-8.2,-179.48,-0.97,-0.61
179.5,-61.5,-9,-179.41,-3.34,0.96
165.4,-57.1,-10.4,-179.72,-0.78,1.23
224.8,-48.8,-8.8,-179.29,-1.99,0.96
164.1,-47.3,-10.8,-179.74,0.1,0.87
171.9,-89,-12.9,-179.91,-2.22,-1.48
166.4,-69.9,-14,-179.83,-0.27,0.26
231.4,-33.2,-5.9,-179.78,-1.74,0.52
241.6,-42.8,-6,-179.75,-2.71,-0.26
250.9,-26.8,-5.6,-179.6,-2.78,0.34
215.6,-48.4,-7,-179.99,-2.11,-0.97
216.2,-48.3,-9.4,-179.9,-2.1,-0.97
257.9,-37.2,-7.1,-179.84,-2.8,0.87
170.4,-48.2,-9.3,179.7,-0.64,0.26
254.2,-52.1,-4.3,-179.91,-1.49,-0.88
188.8,-65.8,-9,-179.83,-1.58,-0.26
169.8,-29.5,-10.1,-179.81,-0.5,0.96
167.1,-32.3,-7.2,-179.65,-1.36,0.17
172.8,-43,-10.8,-179.81,-0.68,-1.23
205.6,-38.9,-7.8,-179.55,-1.88,-1.23
251.5,-52.7,-4.5,-179.59,-1.03,-0.7
225.5,-47.9,-8.7,-179.44,-1.9,0.52
155.5,-79.6,-11.2,-179.55,0.05,-1.14
250.4,-36.4,-5.7,-179.53,-0.22,1.23
154.3,-64.6,-9.6,-179.73,0.08,-0.17
161.8,-64.6,-11.3,-179.73,0.26,-0.17
226.9,-55.4,-6.4,-179.62,-0.95,0.7
208.6,-56.4,-10.8,-179.69,-2.01,0.61
253.5,-43.2,-6.3,-179.66,-3.14,0.16
244.7,-51.3,21.1,-179.93,1.41,-1.58
231.3,-30.8,-9.3,179.78,-2.24,0.16
179.6,-59,-10.4,-179.63,-0.69,0
235.8,-68.4,-8.7,-179.03,-0.88,-0.96
219.7,-51.8,-10.7,-179.68,-1.3,0.7
182,-62,28.3,-179.62,-0.78,-1.23
257.5,-38.9,-6.8,-179.55,-1.99,0.34
262.6,-33,4.3,-179.62,-4.64,2.09
225.1,-34.2,-4.8,-179.45,-2.14,0.08
224.1,-59,-8.6,-179.7,-1.31,-0.43
247.9,-29.4,-4.7,-179.61,-2.16,0
192.6,-73.4,-12.6,-179.86,-1.76,-1.75
171.3,-62.6,-7.4,179.65,-0.44,-0.17
207,-39.1,-8.2,-179.7,-0.93,-0.7
248.5,-17.1,-7.1,-179.25,-2.19,0.78
194.6,-41.9,-7.9,-179.54,-1.62,-0.26
202.3,-55.4,-6.9,-179.72,-0.33,-0.43
238,-68.1,-6.3,-179.57,-1.14,-0.52
253.9,-35.6,-8.7,-179.31,-2.22,-0.09
250.2,-53.1,-4.2,-179.36,-3.66,-0.7
221.2,-32.4,-8.9,-179.07,-2.45,0.87
173.3,-38.8,-10.8,-179.42,-1.69,0.61
171.4,-57.8,-10.5,-179.62,-0.6,-0.52
197,-57.3,-11.5,-179.13,-1.9,-0.7
170.2,-59.9,-8.5,-179.61,-2.01,0
181.9,-48.2,-11.3,-179.64,-1.56,1.4
201.6,-65.1,-6.8,-179.8,-2.72,-0.87
158.9,-59.2,-9.2,179.75,-0.62,0.26
160.9,-60.6,-10.6,179.75,-0.88,-0.26
216.1,-46.3,-10.9,-179.41,-2.68,-0.44
167.4,-58.5,-11.1,-179.74,0.27,-0.26
161.9,-58.8,-9.6,-179.81,-0.17,-0.26
238,-51.9,-5.6,-179.72,-0.34,0.87
192.5,-69.1,-3,-179.85,-4.22,-0.17
191.6,-62,-6.9,-179.74,-0.53,1.66
191,-51.5,-8.2,-179.73,0.09,1.58
200.9,-40.9,-5.9,-179.6,-1.64,1.84
167.7,-44.7,-6.1,-179.53,-1.98,0.61
174.2,-53,-13.3,-179.57,-1.02,-0.79
204.9,-56.9,-7.6,-179.66,-1.65,-0.52
230.6,-31.3,-6.5,-179.34,-2.12,0
245.9,-54.2,-5.5,-179.72,-2.09,-0.7
161.5,-78.9,23,-179.76,0.68,-0.87
253,-35.9,-5.1,-179.64,-1.99,1.05
222.8,-56.5,-4.5,-179.82,-1.92,-0.7
239.4,-63.9,-6,-179.83,-2.02,0
248.8,-37.9,-6.1,-179.55,-3.04,0.78
168.3,-48.7,-11.4,179.8,0.15,0
235.3,-43,-5.2,-179.93,-0.7,-0.08
229.1,-57.4,-6.2,-179.89,-2.01,-1.49
185.6,-75.5,-9.2,179.93,-1.66,-1.58
225.3,-40.3,-6.5,-179.7,-1.2,0.08
170.5,-45.5,-7.6,-179.74,-1.56,-0.09
238.3,-42.5,-5.5,-179.66,-0.67,-0.87
178.4,-53.1,-10.4,-179.7,-0.59,0
236.3,-63.4,-5.5,-179.64,-0.79,-0.17
235.4,-68.9,-4.6,-179.75,-2.19,-0.79
228.8,-46.4,-9.7,-179.55,-2.17,1.66
252.1,-51.5,-9,-179.99,-2.19,0.17
177.7,-40.1,-10.4,179.94,-0.27,0.61
162.4,-42.4,-9.7,179.98,-0.62,0.52
165.8,-33.1,-12,-179.78,-1.12,-0.17
162.6,-37.5,-11.4,-179.96,-0.17,-0.79
172.9,-58.1,-12.3,-179.66,-2.01,-0.44
164,-40.9,-12.3,-179.6,-0.39,1.4
163.7,-43.4,-10.8,-179.61,-0.3,0.52
171.7,-42,-11.9,-179.49,-0.55,0.35
234.3,-61,-8.1,-179.24,-1.91,-1.14
239.4,-48.3,-10,-179.75,-2.27,-0.35
163.2,-74.4,-10.3,-179.89,-1.23,-0.61
250.1,-64.3,-4.8,-179.21,-0.36,0.79
213.3,-55.6,-6.5,-179.69,-1.75,0.52
164.8,-73.4,-8.5,-179.77,-1.32,-1.66
244.8,-34.2,-6,-179.68,-0.4,0.52
247.1,-20.2,-8.5,-179.64,-1.63,0.69
242.6,-23.4,-6.7,-179.15,-3.51,0.07
162.2,-80.9,-10.3,-179.93,-0.18,0
166.6,-43.7,-7.7,-179.78,-1.3,1.4
230.9,-36.7,-6.5,-179.37,-0.9,0.52
167.8,-51.2,-11.6,-179.76,0.28,-1.49
192.9,-40.8,-11.6,-179,-2.02,0.87
223.5,-47.4,-8.6,-179.44,-2.77,-0.09
223.4,-44.8,-6.3,-179.68,-0.94,1.4
164.7,-68.2,-9.8,-179.77,-0.88,0.61
164.9,-75.7,-10.5,-179.8,-0.81,0.43
168.5,-31.3,-11.8,-179.62,-0.65,1.66
164,-57.9,-8.6,-179.7,-1.04,0.08
165.6,-38,-7.8,-179.62,-0.83,1.4
157.4,-63.7,-11.7,-179.82,-0.08,-0.43
235.3,-46,-5.9,-179.68,-0.95,1.05
234.6,-50.3,-8.2,-179.67,-2.71,0
210,-51.9,-0.1,-179.82,-4.83,-0.01
166.6,-50.3,-10.3,179.95,-0.61,0.87
219.5,-32.5,-9.2,-179.41,-1.78,0.87
232.1,-22.5,-7.1,-179.24,-3.25,0.15
158.1,-61.8,-12.3,-179.92,0.52,-1.14
236.3,-61.6,-5.8,-179.63,-0.34,-1.31
243.9,-27.2,-4.9,-179.44,-2.06,2.89
237.1,-62.3,-4.7,-179.64,-0.7,0.26
228.7,-42.8,-6.7,-179.38,-2.06,0.17
254.9,-39.9,-3.4,-179.57,-1.81,0.34
248.5,-65,-10.5,-179.75,-1.58,0.08
238.9,-36.7,-5.1,-179.51,-1.98,0.08
238.6,-35.3,-6.3,-179.41,-2.22,-1.41
242.5,-31.2,2.5,-179.51,-3.13,2.1
190.4,-75.6,-8,-179.86,-1.06,-1.49
172.2,-59.5,28.5,-179.8,-0.87,-0.08
219.4,-39.9,-5.4,-179.83,0.1,0.7
239.7,-47.9,-7.1,-179.77,-1.92,-0.26
191.6,-63.9,28.1,-179.99,-0.96,-0.7
170,-56.5,-13.2,-179.85,-1.66,0.35
170.8,-55.1,-13,-179.35,-1.26,-2.37
156.9,-70.5,-12.5,179.16,-1.28,-0.35
165.2,-35.4,-13.6,179.8,-1,1.22
183.4,-75.2,-12.2,-179.9,-1.5,-0.79
173.3,-55.3,-6.8,179.53,-2.21,1.14
254.4,-55.6,-5.4,179.52,-1.77,0.17
255.5,-55.2,-5,179.54,-2.38,0.26
174.7,-86.4,-9.3,179.37,-0.81,-0.7
230,-34.4,-5.7,179.59,-0.31,1.05
230.2,-34.1,-2.5,179.8,-2.23,1.13
247,-27,-7.3,-179.7,-2,0.25
164.8,-69.5,-10.8,179.89,-0.61,-0.17
165.9,-68.8,-12.7,-179.75,-1.14,-1.05
258.3,-49.6,-8.6,-179.98,-2.28,0.61
259.4,-48.3,-4,-179.87,-2.98,0.87
258.4,-45.8,-5.7,-179.59,-3.23,1.4
204,-39.7,-8.4,-179.6,-1.28,0.7
208.1,-37.6,-3.3,-179.5,-2.33,1.4
172.3,-85.2,-9.6,-179.96,-1.24,-0.43
169.7,-33.9,-10.1,-179.81,-0.05,0.26
256.9,-47.9,-5.1,-179.63,-2.26,-1.32
159,-58.8,-10.3,179.98,-2.02,-0.44
206.7,-62.7,-7.9,-179.97,-2.37,-0.35
249.6,-19.3,-5.8,-179.51,-1.87,0.87
224.4,-54.4,-5.5,-179.72,-2.97,-1.32
182.1,-56.1,-3.6,-179.75,-2.45,-1.32
241.2,-60.3,-4.2,-179.8,-0.96,-0.35
242.7,-29.7,-9.7,-179.17,-1.67,1.05
170.2,-59.8,-10.4,179.86,-1.06,-0.96
241.2,-59.3,-5.9,-179.99,-0.08,0.26
187,-36.2,-7.8,-179.73,-1.47,1.75
182.8,-72,-8.8,-179.8,0.51,-0.17
202.2,-49.7,-7.1,-179.81,-0.25,1.31
182.8,-51.2,-13.3,-178.64,-0.72,0.52
191.1,-63.4,-8.9,179.25,-1.43,-1.67
178.6,-68.4,-10,179.81,-0.61,-0.61
171.7,-68.2,-8.1,179.9,-0.43,-0.61
165.3,-43.2,-11.4,179.99,0.08,1.84
241.5,-64.3,-5.6,-179.28,-1.04,-0.79
199.1,-64.4,-7.9,-179.73,-1.84,-0.43
175.6,-48.2,-7.7,-179.7,-0.42,1.23
249.4,-24.6,-7.6,-179.54,-1.44,1.49
249.9,-51.5,-10.6,-179.78,-2.27,-0.52
192.9,-45.8,-10.6,-179.54,-0.92,-0.79
189.2,-44.8,-10.5,-179.56,-1.63,-0.44
185.2,-50.9,-13.2,-179.14,-0.72,-0.96
195.9,-51,-11.8,-179.7,-1.91,0
233.4,-47.5,-8.4,-179.55,-2.78,0.17
159.4,-52.3,-10.9,179.92,-0.26,0.35
199.5,-67.4,-11.6,-179.74,-2.37,-1.05
207.4,-68.3,-7.9,179.8,-2.1,-0.79
253.5,-22.4,-5.9,-179.74,-2.98,1.13
219.6,-46.9,-6.4,179.79,-1.6,-0.96
194.2,-42.5,-5.9,179.86,-2.3,0.96
178.3,-60.1,-8.1,179.65,-0.27,0.08
231.1,-49.8,-6.3,179.81,-1.41,0.43
182.9,-55.8,-5.2,179.83,-2.03,-0.35
187.2,-55.6,-4.9,179.77,-0.89,-0.35
177.6,-44.8,-11,179.75,-0.2,0.17
256.1,-42.4,-6.5,179.99,-1.94,-0.17
232.2,-19.2,-9.3,179.83,-1.99,0.69
200,-52.2,-11.5,-178.66,-2.68,-2.9
168.6,-82.6,-10.2,-179.61,-2.13,-2.72
179.3,-62,-12.2,-179.62,-2.28,-0.26
176,-27.3,-12.7,-179.23,-2.53,0.78
178.8,-34.5,-10.2,-179.65,-0.92,-0.79
189.6,-62.6,-9.8,-179.8,-1.93,-0.52
256.5,-55.5,-7.8,-179.94,-2.19,0.35
202,-60.3,-9,-179.96,-1.84,-0.26
189.6,-70,-8.8,179.69,-1.66,-0.61
240.2,-66.9,-7.8,179.67,-2.54,0.52
245,-25,-5.4,-179.95,-2.39,-0.27
214,-41.8,-5.3,179.61,-1.99,-0.7
200.1,-64.6,-8.3,179.66,-1.32,-1.14
233.8,-71.3,-4.8,179.87,-1.84,-0.79
249.4,-56.2,-7.7,179.97,-2.37,0.26
217.8,-34.7,-6.7,-179.66,-2.61,0.43
159.8,-75.2,-10.9,-179.92,-0.18,-1.05
197.6,-50.1,-8.1,-179.77,-2.54,0.7
253.9,-41.3,-4.6,-179.8,-1.39,0.7
247.3,-63.9,-9,-179.71,-2.1,-0.87
176,-77.3,-10.5,-179.61,-0.99,-1.14
175.2,-44.5,-9.8,-179.64,0.03,1.05
181.7,-72.4,-12.6,-179.09,-1.53,-0.87
227.1,-52.9,-6.2,179.72,-2.38,0.78
194.4,-54.2,-8.8,179.67,-0.89,0.87
170.6,-31.9,-8.6,179.87,-0.74,-0.08
198.2,-46.4,-11.7,-179.29,-1.51,-1.58
237.6,-33.7,-5.3,179.51,-1.74,0.17
210,-37.4,-11.3,-179.91,-1.31,-0.08
174.8,-81.2,-9.7,178.71,-1.65,-0.7
171.7,-35,-8.2,179.15,-0.84,1.05
169.1,-59,-10.9,179.3,-0.29,-0.7
154.7,-73.7,-10.8,179.66,0.27,-1.05
182.5,-50.7,-11.2,-179.76,-1.48,1.58
191.5,-60.6,-11.9,-179.89,-1.58,0
235.1,-20.7,-6,-179.92,-0.96,1.14
245.2,-19.7,-8,-179.74,-2.36,0
164.5,-80.5,-10,179.7,-1.2,-0.35
219.8,-46.8,-1.9,179.89,-1.58,1.66
246,-53.7,-5.3,179.99,-1.84,-0.44
252.4,-46.6,-8.4,179.98,-2.37,0
237.9,-69.6,-6.6,179.91,-2.72,-1.49
239.6,-16.4,-9.4,179.95,-1.6,3.68
236.8,-32.3,-4.8,-179.83,-2.28,-0.97
231.1,-46.1,-9.9,-179.83,-1.75,-1.05
178.6,-82.1,-10.2,179.55,-1.1,-1.05
257.7,-37.3,-6.5,179.97,-2.64,0.78
245.1,-37.9,-6.1,-179.97,-2.82,0.16
236.4,-59.9,-5.8,179.84,-3.69,-0.79
164.3,-55.5,-11.4,179.81,0.25,0.61
161.2,-55.6,-11.9,179.84,-0.44,0.52
183.2,-63.5,-12.8,-179.44,-1.04,-1.49
219.1,-61.1,-7.4,-179.59,-2.45,-0.79
228.1,-49.3,-8.9,-179.28,-1.81,0.43
164.2,-53.1,-10.3,-179.64,0.01,0.52
177.8,-30.6,-11.6,-179.35,-1.93,-0.26
251,-52,-5.2,-179.64,-1.29,-1.58
169.9,-62.7,-3.3,-179.75,-3.77,-0.88
189.1,-58.6,-9.2,-179.81,-0.69,0.35
225.9,-51.8,-9.4,-179.72,-2.36,0.43
233.1,-34.7,-7.5,-179.61,-3.49,0.77
177.3,-82.2,-13.3,-179.3,-1.28,-1.66
203.9,-49.8,-10.5,179.92,-2.64,1.66
232.8,-32.7,-5.7,179.26,-2.03,1.13
217.3,-34.4,-10.3,179.85,-1.52,0.08
238,-52,-5.6,179.78,-2.65,-0.09
245,-72.7,-7.7,179.57,-2.97,-0.78
178.2,-51.1,-9.4,179.79,-0.8,0.17
234.5,-24.1,-5.7,179.88,-0.37,0.79
259.3,-35.1,-5.4,-179.85,-2.81,-0.27
254.4,-62.3,-8.2,-179.63,-1.84,-0.08
218.7,-56.5,-11,-179.72,-2.1,1.49
252.8,-51,-8,-179.88,-2.45,0.08
243.4,-23.1,-4.6,-179.48,-2.67,0.42
223,-55.4,-6.2,-179.79,-1.48,-2.55
200.7,-70.7,-7.2,-179.91,-1.14,-1.75
163,-31.6,-12.4,-179.99,0.44,0.61
186.2,-74.1,-12.7,-178.98,-0.84,-0.7
225,-29,-6.2,-179.86,-1.75,1.57
161.9,-43,-12,-179.98,-0.79,0.08
184,-78.8,-12.5,-179.71,-2.04,-0.61
163,-76.9,-12.2,179.34,-2.86,-0.34
186.1,-75.3,-12.4,-179.54,-2.23,0.44
184.3,-78.1,-10.4,179.41,-1.8,0.17
175.6,-43,-8.6,179.86,-2.22,1.22
255.1,-42.7,-7.6,-179.26,-1.43,-0.17
169.8,-31.5,-14,179.77,-0.22,0.26
244.6,-22.6,-8.6,-179.24,-1.64,-0.97
215.9,-57.5,-6.8,179.93,-0.88,0.17
177.4,-79.9,-9.7,179.92,-1.84,-0.26
169.4,-51.6,-13.1,-179.72,-0.16,0.7
169.4,-51,-13.2,-179.92,-1.4,0.96
169.8,-42.1,-13.4,-179.91,-0.6,-0.79
245.9,-37.2,29.1,-179.88,-1.04,-0.17
172.1,-82.8,-12.8,179.79,-2.18,-0.96
247.9,-71.3,-8,179.49,-1.65,0.61
248.8,-71.1,-3,179.36,-2.61,0.7
181.9,-52.7,-4.9,179.54,-1.95,1.31
160.4,-63.3,-7.6,179.48,-1.14,-0.61
173.3,-76.9,-12,179.51,-1.9,-0.17
186.4,-61.9,-12.3,179.63,-1.57,0.96
200.3,-47.6,-11.1,-179.88,-3.07,0.78
199.2,-46.8,-12.3,179.21,-1.8,2.02
196.9,-67,-11.8,-179.23,-2.46,-0.61
193.3,-55.8,-10.9,179.93,-2.98,1.75
154.7,-62.8,-12.2,-179.91,0.43,0.17
196.6,-53,-10.7,-179.62,-2.09,0
178.4,-63.1,-11.6,-179.71,-2.89,-0.44
243.3,-53.5,-5,-179.7,-1.04,0.52
232.4,-51.3,-8.7,-179.45,-2.35,0.43
187.8,-58.5,-6.5,-179.61,-2.71,-1.05
231,-51.7,-8.6,-179.49,-1.2,-0.17
204,-60.1,-5.6,-179.77,-1.57,-1.05
256.6,-37.9,-6.9,-179.66,-1.82,0.61
170.6,-38.8,-12.2,-179.71,-0.13,0
252.6,-57.5,-4.7,-179.86,-0.69,-2.37
238.3,-71.1,-10,-179.12,-2.02,-1.84
214.5,-64.4,-5.6,179.55,-2.89,0
175.7,-43.7,-9.5,179.69,-0.46,1.31
243.9,-35.9,-4.8,-179.88,-0.34,1.23
180.2,-35.9,-8.5,-179.83,-0.5,0.43
236.5,-62.8,-5.9,-179.73,-0.25,-1.23
225.2,-45.9,-10.3,-179.53,-1.82,0.87
160.8,-45.6,-7.3,-179.46,-1.71,0.34
208.3,-33.9,-11.9,-178.9,-0.91,0.26
193,-37.7,-12.4,-178.88,-2.24,-0.35
165.1,-56,-9,179.63,-2.05,-1.76
237.6,-53.1,-7.2,179.74,-1.51,-1.14
207.7,-68,-8.6,179.67,-2.89,-0.08
197.2,-74.6,-6.6,179.63,-1.73,0.17
232.8,-53.5,-6.3,179.87,-2.2,1.22
164.7,-56,-11.5,179.75,-0.88,1.4
163.7,-36.5,-9.1,179.93,-0.63,0
249.1,-65.6,-6.3,-179.85,-2.89,-1.58
204.8,-56.5,-7,-179.91,-2.19,-0.17
238.7,-35.2,-9,-179.46,-2.77,1.13
233.7,-36.5,-9.5,-179.19,-3.26,-1.24
223.2,-52.2,-7.1,179.67,-3.27,-0.62
200.8,-46.8,-11.3,-179.4,-2.24,0.7
200.1,-47.6,-13.6,179.25,-0.66,0.7
180.6,-52.6,-9.5,179.73,-1.42,0.08
201.6,-39.7,-12.5,-179.31,-0.63,1.05
204.6,-59.6,-12.1,179.24,-1.34,-0.52
221.4,-34.3,-6.7,179.27,-2.2,1.31
160.8,-54.8,-11,179.09,-0.85,-0.79
165.1,-44.7,-11.7,179.36,0.19,0.87
254.7,-40.3,-7,-179.5,-2.24,-0.7
241,-65.5,-5.3,-179.92,-2.81,-0.35
233.1,-66.4,-7.3,-179.41,-2.46,-0.17
206.6,-38.6,-6.2,-179.41,-1.71,1.93
173.8,-54.8,-10.3,-179.56,0.19,-0.08
201.3,-45.1,-11.9,-179.2,-1.26,1.05
236.2,-21.7,-7.8,-179.24,-2.72,0.07
173.5,-40.1,-6.7,-179.37,-1.77,-0.97
247.6,-58.5,-2.4,-179.63,-0.25,-1.05
242.5,-53.4,-9,-179.57,-1.91,0.17
246.5,-25.9,-8.5,-179.62,-1.81,-0.09
188.5,-47.7,-10.5,-179.62,-1.11,-0.87
180.5,-74.8,-11.8,-179.8,-1.95,1.05
257.8,-39.7,-8.1,-179.78,-1.92,1.49
158.5,-71.8,-10.2,179.86,-1.31,-0.87
181.5,-67.3,-12.8,-179.77,-1.15,0.79
170.7,-58.3,24.3,179.2,-0.6,2.63
211.2,-53.5,-7.4,179.5,-1.15,1.05
202.2,-63.7,-10.6,179.23,-1.41,-0.87
245,-44.6,-5.1,179.81,-2.13,0.08
160.8,-57.7,-11.6,179.66,-0.28,-1.14
191.2,-59.1,-12.3,179.87,-2.2,0.08
191.2,-56.6,-9.2,179.63,-1.84,2.54
193.8,-56.3,-2.6,-179.89,-4.12,0.61
203.9,-53.9,-25.8,179.93,-7.99,1.92
229.1,-26.9,-8.5,179.56,-2.29,0.43
256.1,-40,-7,-179.73,-2.71,-0.35
219.8,-64,-5.9,-179.98,-1.31,-0.61
176.4,-55.8,-7.4,-179.96,-0.96,0.17
218.7,-47.8,-8.1,-179.67,-1.03,0.87
160.5,-71.7,-12.2,-179.93,-0.79,-1.31
174.5,-64.6,-10.2,-179.82,-0.26,0.79
245.5,-21.5,-5.2,-179.66,-0.39,0.7
229.3,-28.9,-11.7,-178.79,-1.41,-0.52
227.3,-58.5,-9.7,-179.48,-2.71,-0.35
222.1,-58.1,-9.2,179.9,-2.99,-0.08
232.4,-27.3,-11.2,179.09,-1.56,0.08
218.2,-53.4,-10.6,-179.82,-3.24,-2.02
204.3,-71.6,-6.8,179.93,-2.63,-0.87
192.5,-58.5,-13.4,-179.46,-0.78,0.96
244.1,-34.7,-5.4,179.83,-1.78,0.7
222.4,-47.9,-6.9,-179.99,-1.05,-0.79
168.2,-43.9,-4.1,-179.69,-3.32,0.07
207.2,-35.9,-8.2,-179.93,-1.23,0.61
192.2,-73.6,-12.3,-178.73,-1.54,-1.14
171.3,-56.5,-9.8,179.47,-2.63,2.37
175.5,-54,-11.4,179.73,-1.67,3.07
207.5,-43.8,-9.3,-179.67,-2.7,0.52
234.3,-50.8,-8.7,-179.73,-2.62,-0.79
162.3,-78.2,-10.9,179.9,-0.07,0.08
173.7,-51.8,-11.2,-179.96,-0.87,1.49
196.4,-54.2,-12.4,-178.95,-1.89,0.08
247.8,-69,-4.7,179.54,-2.1,-0.79
177.4,-80.9,-9.7,179.55,-0.05,-0.87
172.4,-44.6,-9.6,179.67,-0.45,3.42
207.8,-60.4,-5.1,179.65,-0.96,0.35
213,-43.3,-10.7,-179.43,-2.16,2.01
230,-60.8,-9.3,-179.85,-2.98,-0.44
152.9,-69.5,-9.5,179.99,-0.08,-1.05
229,-30.1,-5.9,-179.33,-1.68,0.96
180.3,-29.5,-10.3,-179.59,-0.28,1.4
198.5,-61.2,-7.9,-179.64,-0.08,-0.52
168.8,-37.5,-11.8,-179.54,-0.73,0.96
170.1,-38.2,-11.5,-179.82,0.02,0
170.9,-38.9,-12.7,-179.68,-1.46,-0.26
165.1,-66.8,-11.1,179.56,0.09,-0.17
198.5,-54.9,-7.4,179.95,-2.02,1.14
162.1,-66.8,-11.3,-179.9,0.26,0.08
175.5,-43.7,-10.9,-179.87,-0.34,0.7
161.3,-73,-12.3,-179.88,-1.14,-0.61
233.7,-38.2,-9.1,-179.01,-1.84,0.26
244.3,-47.4,-9.4,179.66,-2.4,-0.79
258.8,-40.9,-5.9,179.71,-2.93,0.43
159.1,-56.5,-10.9,179.44,0.49,-0.96
226.3,-28.2,-9.2,-179.07,-1.46,0.43
236.2,-63.3,-6.6,-179.83,-3.16,-1.32
249.7,-52.8,-7.9,-179.68,-2.27,1.05
158,-62.7,-12.2,-179.73,0.17,0
251.5,-45.8,-4.3,-179.5,-1.12,1.23
240.8,-56.4,-8.7,-179.05,-1.9,-0.44
196.2,-67.5,-6.1,179.33,-2.35,0.26
213.3,-41,-8.3,179.78,-1.69,1.66
240.7,-30.9,-5.2,-179.84,-1.92,0.52
190.2,-54.7,-4.3,-179.81,-2.89,-1.05
183.6,-67.9,-8.7,179.99,-0.35,-0.61
223.8,-37.6,-7.8,-179.49,-1.35,0.26
199.7,-68.5,-8.5,-179.6,-1.94,-0.26
211.1,-45.4,-9.2,-179.44,-2.17,1.84
218.2,-49.1,-6.8,-179.52,-2.26,0.7
173.7,-63.1,-7.7,-179.72,-0.96,-0.96
209.9,-40.9,-10.3,-179.59,-1.55,0.87
234.1,-32,-5.7,-179.65,-1.37,0.87
224,-58.6,-6.6,-179.92,-2.02,-0.88
205.8,-66.5,-10.9,179.99,-1.75,-0.61
240.2,-54.6,-8.3,179.99,-2.28,-0.08
154.7,-41.9,-12.6,179.4,1.06,0.08
169,-76,-12.8,-179.47,-1.78,-1.4
175.2,-88.2,-8.6,179.56,-1.36,-0.61
216.8,-54,-7.2,179.67,-1.15,1.05
161.7,-37.5,-8.4,179.73,-1.19,0.78
180.4,-69.1,-13.6,-179.83,-0.7,-1.14
212,-51.1,-11,-179.48,-1.47,0.43
241.8,-55.6,-7,-179.88,-2.54,-0.7
183.6,-64.5,-9.8,179.29,-0.34,0
243.2,-25.1,-5,-179.85,-1.57,0.87
165.1,-59.7,-11.6,179.82,0,-1.14
215,-43.2,-10.1,-179.55,-1.37,1.4
213,-38.3,-7.9,-179.98,-1.94,1.22
173.7,-72.6,-11.8,-179.8,-1.85,-1.05
184.6,-58.7,-13.2,179.49,-0.89,0
225.1,-64.7,-6,179.12,-1.32,-0.52
213.4,-41.7,-9.8,179.39,-2.17,0.96
215.1,-50.8,-6.7,179.41,-1.71,-0.44
172.6,-80.9,-13.7,-179.31,-1.2,-0.87
204.4,-61.5,-5.2,179.54,-2.1,1.05
202.8,-61.8,-7.8,179.63,-1.31,0.96
247.7,-33.4,-5.4,-179.51,-1.27,0.96
186,-54.1,-9.7,-179.67,-1.21,-0.08
171.2,-72.4,-10.7,-179.74,-0.27,-0.61
251.5,-56.9,-4.7,-179.64,-0.87,1.05
178.3,-78.4,-9.4,-179.8,-0.81,0.08
230.3,-27.5,-5.4,-179.6,-0.29,0.96
167.3,-70.8,-3.9,-179.73,-2.82,-0.96
176.6,-56.1,-9.3,-179.64,-0.16,0.61
251.8,-33.1,-7,-178.79,-1.37,0.7
217.9,-61.2,-7.1,179.35,-2.21,-0.79
175.7,-68.8,-10.4,179.27,-1.66,-0.79
228.9,-63.1,-6.3,179.9,-1.75,0.43
171,-30.1,-7.7,-179.76,-1.65,0.34
165.2,-54.1,-12,-179.93,-0.78,-1.14
170.1,-59.3,-13.3,-179.17,-1.11,-0.61
224.7,-48.6,-6.5,-179.46,-1.73,0.43
223.5,-48.8,-6.3,-179.54,-1.73,0.43
231.3,-63.9,-7.4,-179.68,-2.71,-1.23
209.7,-39.6,-7.2,-179.69,-0.41,1.4
174.2,-80.6,-10.2,-179.81,-0.81,-0.17
235.1,-22.6,-9,-178.92,-2.23,0.78
167.1,-57.5,-4.4,-179.61,-2.35,-0.96
167,-57.9,-6.7,-179.8,-0.87,0.87
222.4,-47.6,-7.1,-179.8,-0.25,0.79
179.2,-38.5,-7.4,-179.78,-1.03,1.22
236,-21.1,-5.8,-179.66,-0.92,0.7
210.5,-34.1,-7.8,-179.87,-1.4,-0.61
224,-41,-6.4,179.98,-0.7,0
185.1,-61.7,-6.2,179.93,-0.96,-0.87
224.3,-62.7,-8.4,179.93,-2.54,-0.26
212.8,-56.5,-9,179.67,-2.9,1.49
173.4,-43,-10.1,179.86,-2.39,1.75
237.2,-68.5,-7.4,179.89,-2.72,-0.96
235.8,-38.3,-9.1,-179.79,-2.71,1.84
253.4,-57.5,-9.5,179.6,-1.68,0
175.6,-39.8,-9.8,179.73,-0.03,0
221,-55.5,-6.8,179.75,-0.36,-0.7
193.9,-37.7,-9.2,179.88,-0.45,0.17
237.9,-20.7,-5.4,-179.87,-2.12,0.08
181.8,-50.3,-8,179.85,-1.33,-0.96
213.8,-51.8,-6.7,179.8,0.25,-0.61
238.6,-50.3,-6.8,-179.86,-2.1,-0.61
243.3,-24.1,-4.6,-179.98,-1.32,1.31
165.2,-72.7,-6.3,179.83,-1.66,-0.52
164.4,-40,-4.9,-179.8,-2.27,1.31
223,-45.3,-7,-179.88,-0.25,-0.7
224.6,-42.9,-2.9,-179.79,-1.83,-0.97
212.8,-66,-6.7,-180,-2.1,-0.7
184.3,-35.3,-12.4,-179.41,-1.78,1.49
212.5,-53.7,-7.5,-179.92,-3.07,-0.35
234.8,-26.2,-5.3,-179.83,-2.19,0.25
174.7,-50.3,-8.3,179.96,-1.5,-1.05
203.6,-48.1,-7.8,179.78,-0.54,-0.87
241.7,-63.6,-5.6,179.75,-2.28,-0.52
227.3,-63.1,-6.9,179.49,-2.28,-0.35
162.8,-46.7,-9,179.84,-2.04,0.61
192.4,-74.7,-12,-179.75,-2.38,-0.96
169.8,-38.5,-11.6,-179.77,-1.12,1.49
241.3,-20.8,-5,-179.1,-1.81,1.49
254.3,-52.3,-5.5,-179.2,-2.07,-0.26
203.9,-37.3,-4.4,-179.19,-1.77,1.22
165.1,-78.6,-6.4,-179.5,-1.53,-0.78
199.9,-69,-6.9,-179.43,-1.25,0.7
192.4,-72.3,-8.9,-179.35,-1.43,-0.35
160.4,-41.4,-11.5,-179.63,-0.03,0
239.3,-30.8,-5.7,-179.54,-0.73,-0.26
219.4,-56.2,-8.4,-179.76,-2.62,-1.32
208,-56.6,-11.2,179.79,-2.65,-1.23
242.6,-63.5,-6.1,179.89,-2.81,-1.49
202,-55.7,-4.5,179.67,-2.91,0
192.6,-55.8,-10.1,179.97,-1.14,-0.61
193.5,-40.5,-11.7,-179.82,-1.48,0.08
232.9,-61.9,-8.9,179.59,-2.02,-0.43
201.4,-61.1,-7.8,179.74,-0.7,-0.17
175.8,-49.5,-13.7,-179.34,-0.66,1.31
243,-49.9,-8.2,-179.79,-2.18,0.08
242.3,-48.8,-5.1,179.8,-1.24,0.43
180.6,-33.2,-10.5,179.89,-1.08,1.49
170.3,-48.8,-12.5,179.97,-1.15,-2.63
236.6,-70.3,-4.6,179.57,-1.32,-2.19
217.3,-62.4,-9.2,-179.62,-2.1,-0.43
174.6,-36.1,-9.2,179.38,-3.02,0.86
172,-59.6,-10.5,179.12,-0.11,-0.52
245.1,-28.2,-4.8,179.5,-0.95,1.05
207.3,-66.6,-10.1,-179.65,-1.75,-0.79
255.1,-48,-7,179.86,-2.99,1.05
197.8,-46,-9.1,-179.98,-1.14,0.08
201.7,-57,-7.7,-179.71,-1.92,-1.4
167.4,-55.8,-7.8,-179.75,-1.21,-0.61
182.7,-47.2,-12.2,-179.36,-1.35,0.35
236.3,-55.9,-6,179.89,-2.37,0.17
165.4,-65.7,29.1,179.91,-1.14,-1.05
221.5,-66.8,-6.2,179.99,-0.17,-0.61
165.6,-62.2,-10.8,-179.82,-0.44,0.61
256.5,-24,-5.7,-178.53,-2.81,0.69
173.1,-76.9,-10.1,-179.78,-0.72,-0.26
242.4,-28.1,-5.3,-179.35,-1.51,0.78
232.8,-63.5,-8.4,-178.84,-2.01,-0.61
168.4,-83.5,-9.1,179.85,-1.48,-0.96
173.6,-48.1,-10.8,179.99,0.08,1.23
226.7,-55.5,-6.3,-179.71,-0.51,-0.61
228.5,-32,-8.3,-178.98,-2.62,1.13
239.7,-44.8,-5.5,-179.82,-2.54,-1.32
203.2,-63.7,-12.5,-179.64,-0.87,-0.52
167.2,-46.9,-7.1,179.95,-2.38,0.52
190.4,-66.6,-12.6,-179.28,-1.13,-1.66
244.9,-68.8,-7.6,-179.77,-2.64,-0.43
235.6,-31.6,-8,-179.64,-2.61,0.16
224.7,-30.5,-10.2,179.73,-2.35,0
173.6,-49.9,-7.9,179.89,-1.77,-0.52
172.2,-34.7,-9.3,179.92,-0.09,1.23
222.1,-65.7,-6.4,-179.56,-1.93,-0.52
204.9,-58,-7.5,-179.55,-1.14,1.31
173.2,-58.8,-9.2,-179.55,-0.7,1.31
251.2,-28.3,-5.4,-178.83,-2.05,0.17
163.4,-49.9,-10.1,-179.63,-2.17,-0.26
186.4,-39.2,-12.5,-179.31,-2.56,0.08
228,-63.2,-5.7,-179.37,-2.54,-0.26
233.7,-54.4,-5,-179.53,-1.3,0.87
234.3,-54.3,-5.9,-179.41,-2,0.52
244.8,-32.8,-5.7,-179.1,-2.8,-0.18
252.8,-61.5,-6.9,-179.48,-2.35,-1.4
229.3,-29.5,-5.5,-179.41,-2.22,0.25
182.5,-73.5,-11.9,-178.92,-1.8,-1.22
184.3,-63.8,-8.5,-179.96,-2.02,1.23
159.8,-63.8,-9.2,-179.92,-0.7,1.05
189.5,-48,-7.8,-179.8,-1.48,0.61
164.2,-60.5,-9.7,-179.9,-0.17,-1.05
185.7,-67.1,-12.3,-179.31,-1.93,-0.87
241.5,-36.1,-7.5,179.9,-2.57,0.87
200.8,-36.4,-7.6,179.72,-1.27,0.52
179.7,-68.1,-6.4,179.64,-0.7,-1.05
209,-43,-7.4,179.91,-2.12,0.87
224.6,-30.1,-6.3,-179.34,-2.12,0.6
173.6,-34,-6.5,-179.48,-1.42,0.17
162.2,-66.9,-14,-179.12,-0.61,-1.23
219.6,-61.3,-5.7,179.64,-0.61,0.87
240.2,-52.9,-4.8,179.76,-0.97,1.05
178.7,-36.8,-10.3,179.63,-0.58,0.61
178.2,-41.8,-13.3,-179.3,-1.76,-1.23
229.4,-40,-5.8,179.88,-1.96,-1.05
170.1,-45.8,-11.3,179.72,0.05,-0.43
239.8,-55.4,-5,-179.63,-0.69,0.61
226.4,-46.7,-7.3,-179.73,-2.27,1.93
172.7,-63.2,-8.1,-179.82,-0.87,-0.17
212.2,-42.6,-8,-179.7,-1.65,1.4
176.8,-70.7,-13.9,-179.68,-1.15,-0.43
227.7,-70.3,-8.8,-179.99,-2.63,0.08
225.4,-63.9,-6.5,179.72,-2.45,0.26
163.8,-44.2,-11.9,179.68,-0.38,0.61
232,-64.3,-7.2,179.76,-3.16,-0.7
202.5,-41.2,-8.3,179.86,-2.04,0.34
163.3,-72.8,-9.4,179.63,-0.34,-1.31
168.4,-67.3,-11.5,179.62,-0.77,0.61
214.3,-67.8,-6.6,179.79,-1.57,0
213.7,-44.4,-7.9,179.86,-1.85,1.14
240.3,-33.3,-6.4,-179.97,-2.64,0.96
250.8,-26,-7.1,179.95,-2.58,-0.09
249.3,-43,-7.5,-179.38,-2.85,-0.62
174.1,-79.1,-7,-179.95,-0.53,-0.79
236.2,-35.7,-5,-179.82,-1.04,1.84
202.5,-60.5,-7.2,179.69,-1.59,-0.87
171,-84.7,-8,-179.76,-1,-0.17
162.4,-48.8,-6.1,-179.53,-1.81,1.4
203.7,-45.5,-12.4,-178.79,-1.84,0.34
194.9,-64.7,-7.5,179.85,-2.28,-1.14
173.8,-69.9,-10.5,179.9,-0.17,0.17
226.5,-71.7,-6,-179.94,-0.79,0.17
217.7,-35.1,-9,-179.36,-2.49,0.96
171.6,-30.9,-6.5,-179.46,-2.49,0.86
244,-24.3,-7,-178.92,-2.04,-0.79
245,-22.5,-7.1,-179.16,-1.72,-0.35
174.8,-34.3,-5.2,-178.9,-3.29,-0.1
168.8,-35.4,-7.1,-179.4,-0.88,0.26
193.4,-50.8,-9.3,179.91,-1.67,0.52
238.6,-46.1,-5.5,-179.66,-1.3,0.87
233.5,-38.1,-8.3,-179.23,-2.15,2.28
172.9,-80.7,-10.9,-179.4,-1.28,-0.79
254.8,-30.8,-5.7,-179.15,-2.02,0.96
229.9,-50.5,-7,-179.5,-2.61,0.08
259.2,-49.2,-5.6,-179.39,-3.13,0
177.4,-53.4,-10.3,-179.6,-0.85,0.08
225.6,-62.1,-9.2,-179.27,-1.57,-0.43
196.8,-65,-7.7,-179.87,-2.2,0.7
245.7,-64.9,-7.7,-179.58,-2.55,0
180.3,-83.5,-9.2,-179.85,-1.25,-0.78
172.5,-44.1,-10.9,-179.75,0.28,1.58
233.3,-62.1,-7.4,-179.78,-2.28,-0.61
232.8,-28.6,-7.1,-179.77,-3.6,2.36
224.2,-29.9,-6,-179.81,-2.63,0.87
202.3,-37.2,-11.5,-179.53,-2.06,-0.35
254.4,-31.2,-5.3,-179.63,-1.99,-0.53
207.5,-42.3,-7.8,179.86,-1.7,-1.23
171,-79.2,-10.3,179.46,-1.19,-0.7
193.7,-40.3,-10.4,179.99,-0.62,-0.26
172.7,-31.8,-10.8,179.58,-1.59,0.08
184.4,-49.8,-10.6,179.64,-1.71,-1.4
252.9,-26.4,-4.4,179.91,-1.42,1.14
256.2,-27,8.4,-179.82,-6.8,0.91
173.2,-84.9,-7,179.57,-0.65,-0.26
170.4,-78,-9.5,-179.6,0.49,0.17
239.2,-25.4,-8.3,-177.91,-2.62,0.34
160.2,-42.8,-8.1,-179.43,-1.42,-1.14
224.1,-64.7,-5.8,-179.42,-2.36,-1.58
245,-29.6,-7.8,-179.26,-2.11,0.17
242.2,-41.1,-8.3,-178.97,-2.89,-1.06
256.6,-31.3,-7.4,179.95,-2.57,0.43
246.5,-62.6,-6.3,179.66,-3.87,-1.23
186.9,-60.7,-10.3,-179.52,-1.3,-0.79
179.4,-60.3,-11.4,-179.51,-1.74,-0.61
240.9,-52.6,-5,-179.88,-1.05,1.05
212.9,-44.1,-9.6,-179.19,-2.13,0
214.8,-47.5,-10.2,-179.65,-1.82,-0.96
236.3,-25.6,-9.4,-179.76,-2.45,-0.27
182.2,-46.5,-8,-179.61,-0.31,-0.08
247.3,-22.6,-7.4,-178.9,-1.96,0.87
174.2,-32.3,-11.3,-179.75,0.13,-0.17
159.8,-56.6,-9.3,-179.74,0.19,-1.84
209.6,-62.2,-9.3,-179.76,-1.92,-1.49
168.7,-38.1,-8.5,-179.77,-2.09,0.16
249.2,-31.9,-5.4,-179.7,-1.46,-0.7
257.4,-35,-5,-179.42,-2.94,0.25
195.6,-74,-7.6,-179.74,-2.12,-0.52
171.5,-86.5,-11.8,-179.99,-2.12,-0.52
251.9,-37.9,-6.8,-179.43,-2.94,0
256.3,-36.5,-3.9,-179.71,-2.79,0.25
196.5,-65.4,-8.7,-179.9,-2.19,-0.7
245.6,-65.9,-8.7,-179.47,-1.58,-0.79
213.9,-42.4,-6.2,-179.7,-0.32,-0.52
181.8,-82.2,-12,-179.73,-1.68,-2.89
225.5,-58.3,-9.4,179.81,-3.07,1.4
225.5,-58.2,-10.4,-179.49,-2,-0.61
175.4,-86.5,-9.6,179.89,-1.93,-1.66
181.8,-59.7,-13.3,-179.98,-1.31,0.61
184.7,-46.8,-13.3,179.83,-1.16,0.52
184,-34.2,-11.2,179.67,-1.38,0.7
237.1,-17.7,-5.6,179.96,-1.87,1.4
238.7,-23.1,-7,-179.74,-2.9,-0.36
191.5,-36.3,-9.2,-179.93,-1.59,-0.35
181.8,-37.4,-9,179.86,0.33,-0.26
215.7,-61,-7.3,-179.91,0,-0.26
205.3,-63.9,-7.1,-179.9,-1.93,-0.26
176.7,-37.6,-11.2,-179.45,-2.14,1.04
163.7,-71,-7.3,179.89,-2.19,0
218.7,-34.4,-9.9,-179.6,-1.9,1.22
180.1,-83.1,-8.6,179.83,-1.66,-0.43
211.5,-37.3,-9,-179.5,-3.21,1.48
181.4,-30.4,-11.9,-179.29,-2.1,1.04
232.8,-55.6,-6.1,179.92,-0.35,-0.61
236.5,-61.3,-8.4,179.4,-2.2,0.08
174.8,-61.4,-9.7,179.74,-0.44,0.17
159.7,-83,-11.9,-179.8,-1.52,-1.05
231.4,-42.2,-6.3,-179.43,-0.57,1.31
176.5,-65.7,-3.9,-179.56,-2.54,-0.87
158.8,-57.9,-10.7,-179.56,0.18,0.35
205.2,-56.8,-11.9,-179.26,-0.94,-0.26
186.2,-56.8,-10.6,-179.58,-1.83,0
178.1,-49.6,-10.3,-179.6,-0.68,1.05
214,-50.4,-7.6,-179.55,-1.64,0.08
250.2,-58.7,-7.7,-179.83,-2.28,-0.96
169.8,-76.2,-10.9,-179.97,-0.88,-0.26
187.1,-55.1,-12.3,-178.87,-1.53,-0.17
214.3,-41.5,-7.5,-179.94,-3.88,-0.01
230.4,-46.7,-6.2,-179.58,-1.81,-0.61
177.7,-56.7,-10.5,-179.78,-0.87,-0.35
190.5,-46.7,-12.6,-178.89,-1.67,0.08
181.3,-75.4,-12.3,-179.98,-1.32,-0.79
175.2,-81.1,-10.9,179.62,-2.17,-0.43
163.5,-82.6,-14.2,179.3,-0.81,-1.23
192.9,-42,-10.4,179.64,-3.39,0.6
228.5,-61.2,-6.1,179.57,-0.62,-0.87
220.8,-37.4,-11.3,-179.97,-1.94,0.96
190.9,-40.6,-6.2,179.51,-2.96,1.22
204.8,-65.9,-7.5,179.21,-1.05,-0.79
193.1,-49.8,-8.5,179.34,-0.75,0.17
233.5,-34.5,-5.6,179.85,-0.28,0.26
171.6,-29.8,-11.3,179.79,0.14,0.79
228.4,-42.1,-6.9,-179.72,-0.76,-1.84
210,-64.3,-11.6,-179.08,-1.56,-1.67
166.1,-78.6,-11.9,179.47,-3.13,-0.25
168.8,-65.8,-11.3,179.86,-1.22,1.4
222.4,-61.7,-8.2,-179.21,-2.02,0.43
182.7,-54.4,-6.1,-179.96,-1.58,1.66
225.2,-43.6,-6.8,-179.57,-1.02,0.7
170.6,-55.9,-8.7,-179.68,-0.86,-0.96
168.4,-48.2,-11,179.85,-0.36,0.96
